reference,value,footprint,dnp,assembly,status
C101,1u / 25V X7R,Capacitor_SMD:C_0805_2012Metric,FIT,,
C102,10u / 25V X7R,Capacitor_SMD:C_1206_3216Metric,FIT,,
C103,47n / 16V X7R,Capacitor_SMD:C_0805_2012Metric,FIT,,
C104,22u / 10V X7R,Capacitor_SMD:C_0805_2012Metric,FIT,,
C105,22u / 10V X7R,Capacitor_SMD:C_0805_2012Metric,FIT,,
C106,10u / 10V X7R,Capacitor_SMD:C_0805_2012Metric,FIT,,
C107,4.7u / 10V X7R,Capacitor_SMD:C_0805_2012Metric,FIT,,
D101,CHARGE (red),,FIT,,
J101,FROM USB BOARD (2P),,FIT,,
J102,PACK PIGTAIL,,FIT,,
J103,PACK NTC: 103AT-2,,FIT,,
J104,ARM: OPEN,Connector_PinHeader_2.54mm:PinHeader_1x02_P2.54mm_Vertical,FIT,Fit header; do not fit shunt before commissioning,
L101,1u / Isat >= 4.5A,,FIT,,
Q101,2N7002,Package_TO_SOT_SMD:SOT-23,FIT,,
R101,5.23k 1%,Resistor_SMD:R_0603_1608Metric,FIT,,
R102,30.1k 1%,Resistor_SMD:R_0603_1608Metric,FIT,,
R103,620R 1%,Resistor_SMD:R_0603_1608Metric,FIT,,
R104,100k,Resistor_SMD:R_0603_1608Metric,FIT,,
R105,100k,Resistor_SMD:R_0603_1608Metric,FIT,,
R106,2.2k,Resistor_SMD:R_0603_1608Metric,FIT,,
R107,10k,Resistor_SMD:R_0603_1608Metric,FIT,,
SW101,BQ wake / reset,,FIT,,
U101,BQ25895RTWR,Package_DFN_QFN:Texas_RTW_WQFN-24-1EP_4x4mm_P0.5mm_EP2.7x2.7mm_ThermalVias,FIT,,
C201,10u / 10V X7R,Capacitor_SMD:C_0805_2012Metric,FIT,,
C202,10u / 10V X7R,Capacitor_SMD:C_0805_2012Metric,FIT,,
C203,100n / 10V X7R,Capacitor_SMD:C_0805_2012Metric,FIT,,
C204,22u / 10V X7R,Capacitor_SMD:C_0805_2012Metric,FIT,,
C205,22u / 10V X7R,Capacitor_SMD:C_0805_2012Metric,FIT,,
C206,22u / 10V X7R,Capacitor_SMD:C_0805_2012Metric,FIT,,
L201,1.5u / XFL4020-152ME,Inductor_SMD:L_Coilcraft_XxL4020,FIT,,
R201,1.62M 1%,Resistor_SMD:R_0603_1608Metric,FIT,,
R202,180k 1%,Resistor_SMD:R_0603_1608Metric,FIT,,
R203,100k,Resistor_SMD:R_0603_1608Metric,FIT,,
U201,TPS63020DSJR,Package_DFN_QFN:DFN-14-1EP_3x4mm_P0.5mm_EP1.7x3.3mm,FIT,,
C301,100n / 10V X7R,Capacitor_SMD:C_0805_2012Metric,FIT,,
J301,GUITION JP1 / 2x13,,FIT,,
R301,10k,Resistor_SMD:R_0603_1608Metric,FIT,,
R302,4.7k / FIT,Resistor_SMD:R_0603_1608Metric,FIT,,
R303,4.7k / FIT,Resistor_SMD:R_0603_1608Metric,FIT,,
U301,MAX17048G+,Package_DFN_QFN:TDFN-8-1EP_2x2mm_P0.5mm_EP0.8x1.2mm,FIT,,
C401,1u / X7R,Capacitor_SMD:C_0603_1608Metric,FIT,,
C402,10n,Capacitor_SMD:C_0603_1608Metric,FIT,,
C403,10n,Capacitor_SMD:C_0603_1608Metric,FIT,,
C404,1u / X7R,Capacitor_SMD:C_0603_1608Metric,FIT,,
C405,10n,Capacitor_SMD:C_0603_1608Metric,FIT,,
C406,10n,Capacitor_SMD:C_0603_1608Metric,FIT,,
C407,100n,Capacitor_SMD:C_0603_1608Metric,FIT,,
C408,1u / X7R,Capacitor_SMD:C_0603_1608Metric,FIT,,
C409,1u / X7R,Capacitor_SMD:C_0603_1608Metric,FIT,,
J401,AO2 / 3-pin cable,Connector_PinHeader_2.54mm:PinHeader_1x03_P2.54mm_Vertical,FIT,,
J402,SMB Male PCB / verify fit,,FIT,,
R401,100R / 0.1%,Resistor_SMD:R_0603_1608Metric,FIT,,
R402,100R / 0.1%,Resistor_SMD:R_0603_1608Metric,FIT,,
R403,1M / 1%,Resistor_SMD:R_0603_1608Metric,FIT,,
R404,1M / 1%,Resistor_SMD:R_0603_1608Metric,FIT,,
R405,100R / 0.1%,Resistor_SMD:R_0603_1608Metric,FIT,,
R406,100R / 0.1%,Resistor_SMD:R_0603_1608Metric,FIT,,
R407,1M / 1%,Resistor_SMD:R_0603_1608Metric,FIT,,
R408,1M / 1%,Resistor_SMD:R_0603_1608Metric,FIT,,
R409,10k / 0.1%,Resistor_SMD:R_0603_1608Metric,FIT,,
R410,10k / 0.1%,Resistor_SMD:R_0603_1608Metric,FIT,,
U401,ADS1115IDGS,Package_SO:TSSOP-10_3x3mm_P0.5mm,FIT,,
C501,4.7u / X7R / 10V,Capacitor_SMD:C_0603_1608Metric,FIT,,
C502,4.7u / X7R / 10V,Capacitor_SMD:C_0603_1608Metric,FIT,,
C503,10n,Capacitor_SMD:C_0603_1608Metric,FIT,,
C504,100n,Capacitor_SMD:C_0603_1608Metric,FIT,,
C505,1u / X7R,Capacitor_SMD:C_0603_1608Metric,FIT,,
C506,10n,Capacitor_SMD:C_0603_1608Metric,FIT,,
C507,10n,Capacitor_SMD:C_0603_1608Metric,FIT,,
C508,100n,Capacitor_SMD:C_0603_1608Metric,FIT,,
C509,1u / X7R,Capacitor_SMD:C_0603_1608Metric,FIT,,
J501,MD62 cable / <=30 cm,Connector_PinHeader_2.54mm:PinHeader_1x03_P2.54mm_Vertical,FIT,,
R501,100k,Resistor_SMD:R_0603_1608Metric,FIT,,
R502,2k / 0.1%,Resistor_SMD:R_0603_1608Metric,FIT,,
R503,2k / 0.1%,Resistor_SMD:R_0603_1608Metric,FIT,,
R504,10k / 0.1%,Resistor_SMD:R_0603_1608Metric,FIT,,
R505,10k / 0.1%,Resistor_SMD:R_0603_1608Metric,FIT,,
R506,100R / 0.1%,Resistor_SMD:R_0603_1608Metric,FIT,,
R507,100R / 0.1%,Resistor_SMD:R_0603_1608Metric,FIT,,
RV501,500R / multiturn,Potentiometer_THT:Potentiometer_Bourns_3296W_Vertical,FIT,,
U501,SPX3819M5-L-3-0,Package_TO_SOT_SMD:SOT-23-5,FIT,,
U502,ADS1115IDGS,Package_SO:TSSOP-10_3x3mm_P0.5mm,FIT,,
C601,1u / 10V,Capacitor_SMD:C_0805_2012Metric,FIT,,
J601,BME280 harness,Connector_JST:JST_XH_B4B-XH-A_1x04_P2.50mm_Vertical,FIT,,
Q601,BSS138,Package_TO_SOT_SMD:SOT-23,FIT,,
Q602,BSS138,Package_TO_SOT_SMD:SOT-23,FIT,,
R601,0R / fit: 3.3 V,Resistor_SMD:R_0603_1608Metric,FIT,,
R602,0R / DNP: 5 V option,Resistor_SMD:R_0603_1608Metric,DNP,,
R603,4.7k / DNP,Resistor_SMD:R_0603_1608Metric,DNP,,
R604,4.7k / DNP,Resistor_SMD:R_0603_1608Metric,DNP,,
C701,10u / 10V,Capacitor_SMD:C_0805_2012Metric,FIT,,
C702,22u / 10V,Capacitor_SMD:C_0805_2012Metric,FIT,,
C703,22u / 10V,Capacitor_SMD:C_0805_2012Metric,FIT,,
C704,4.7u / 10V,Capacitor_SMD:C_0805_2012Metric,FIT,,
C705,4.7u / 10V,Capacitor_SMD:C_0805_2012Metric,FIT,,
C706,10n,Capacitor_SMD:C_0805_2012Metric,FIT,,
C707,100n,Capacitor_SMD:C_0805_2012Metric,FIT,,
C708,100n,Capacitor_SMD:C_0805_2012Metric,FIT,,
J701,ZE07-CO harness,Connector_JST:JST_XH_B4B-XH-A_1x04_P2.50mm_Vertical,FIT,,
L701,1uH / Isat >= 5 A,Inductor_SMD:L_Taiyo-Yuden_NR-40xx,FIT,,
R701,787k / 0.1%,Resistor_SMD:R_0603_1608Metric,FIT,,
R702,100k / 0.1%,Resistor_SMD:R_0603_1608Metric,FIT,,
R703,100k,Resistor_SMD:R_0603_1608Metric,FIT,,
R704,100R,Resistor_SMD:R_0603_1608Metric,FIT,,
R705,100R,Resistor_SMD:R_0603_1608Metric,FIT,,
U701,TPS61023DRLR,Package_TO_SOT_SMD:SOT-563,FIT,,
U702,SPX3819M5-L-3-0,Package_TO_SOT_SMD:SOT-23-5,FIT,,
U703,TXU0202DCUR,Package_SO:VSSOP-8_2.3x2mm_P0.5mm,FIT,,
C801,100n / 10V,Capacitor_SMD:C_0805_2012Metric,FIT,,
C802,100n / 10V,Capacitor_SMD:C_0805_2012Metric,FIT,,
C803,33n / 10V,Capacitor_SMD:C_0805_2012Metric,FIT,,
C804,1u / 10V,Capacitor_SMD:C_0805_2012Metric,FIT,,
J801,POWER BUTTON / 1NO,,FIT,,
J802,BUTTON LED +/-,,FIT,Keep R804 DNP until button LED voltage/polarity is confirmed,
R801,5.1k,Resistor_SMD:R_0603_1608Metric,FIT,,
R802,10k,Resistor_SMD:R_0603_1608Metric,FIT,,
R803,100k,Resistor_SMD:R_0603_1608Metric,FIT,,
R804,1k / DNP,Resistor_SMD:R_0603_1608Metric,DNP,,
U801,LTC2954CTS8-1,Package_TO_SOT_SMD:TSOT-23-8,FIT,,
