pair_index,source,target,category,temperature_C,finished_height_mm,plating_um,geometry_case,trace_and_barrel_full_item_ohm,mV_per_A,mW_per_A_squared
2,U115.6,U114.2,source_trunk,20,1.44,20,native_nominal,0.020039040928211634,20.039040928211634,20.039040928211634
2,U115.6,U114.2,source_trunk,20,1.44,20,width_minus_25um_copper_80pct,0.026456862569925688,26.456862569925686,26.456862569925686
2,U115.6,U114.2,source_trunk,20,1.44,25,native_nominal,0.01972505500077433,19.72505500077433,19.72505500077433
2,U115.6,U114.2,source_trunk,20,1.44,25,width_minus_25um_copper_80pct,0.026142876642488384,26.142876642488385,26.142876642488385
2,U115.6,U114.2,source_trunk,20,1.6,20,native_nominal,0.020201651342609483,20.201651342609484,20.201651342609484
2,U115.6,U114.2,source_trunk,20,1.6,20,width_minus_25um_copper_80pct,0.026619472984323538,26.619472984323536,26.619472984323536
2,U115.6,U114.2,source_trunk,20,1.6,25,native_nominal,0.019852778089901366,19.852778089901367,19.852778089901367
2,U115.6,U114.2,source_trunk,20,1.6,25,width_minus_25um_copper_80pct,0.026270599731615423,26.270599731615423,26.270599731615423
2,U115.6,U114.2,source_trunk,20,1.76,20,native_nominal,0.020364261757007333,20.364261757007334,20.364261757007334
2,U115.6,U114.2,source_trunk,20,1.76,20,width_minus_25um_copper_80pct,0.026782083398721387,26.782083398721387,26.782083398721387
2,U115.6,U114.2,source_trunk,20,1.76,25,native_nominal,0.019980501179028408,19.98050117902841,19.98050117902841
2,U115.6,U114.2,source_trunk,20,1.76,25,width_minus_25um_copper_80pct,0.026398322820742462,26.39832282074246,26.39832282074246
2,U115.6,U114.2,source_trunk,60,1.44,20,native_nominal,0.0231891781621265,23.189178162126503,23.189178162126503
2,U115.6,U114.2,source_trunk,60,1.44,20,width_minus_25um_copper_80pct,0.03061588136591801,30.61588136591801,30.61588136591801
2,U115.6,U114.2,source_trunk,60,1.44,25,native_nominal,0.02282583364689605,22.82583364689605,22.82583364689605
2,U115.6,U114.2,source_trunk,60,1.44,25,width_minus_25um_copper_80pct,0.03025253685068756,30.25253685068756,30.25253685068756
2,U115.6,U114.2,source_trunk,60,1.6,20,native_nominal,0.023377350933667693,23.377350933667692,23.377350933667692
2,U115.6,U114.2,source_trunk,60,1.6,20,width_minus_25um_copper_80pct,0.030804054137459194,30.804054137459193,30.804054137459193
2,U115.6,U114.2,source_trunk,60,1.6,25,native_nominal,0.02297363480563386,22.97363480563386,22.97363480563386
2,U115.6,U114.2,source_trunk,60,1.6,25,width_minus_25um_copper_80pct,0.03040033800942537,30.40033800942537,30.40033800942537
2,U115.6,U114.2,source_trunk,60,1.76,20,native_nominal,0.023565523705208886,23.565523705208886,23.565523705208886
2,U115.6,U114.2,source_trunk,60,1.76,20,width_minus_25um_copper_80pct,0.030992226909000387,30.992226909000387,30.992226909000387
2,U115.6,U114.2,source_trunk,60,1.76,25,native_nominal,0.023121435964371672,23.12143596437167,23.12143596437167
2,U115.6,U114.2,source_trunk,60,1.76,25,width_minus_25um_copper_80pct,0.03054813916816318,30.54813916816318,30.54813916816318
2,U115.6,U114.2,source_trunk,85,1.44,20,native_nominal,0.025158013933323294,25.158013933323293,25.158013933323293
2,U115.6,U114.2,source_trunk,85,1.44,20,width_minus_25um_copper_80pct,0.03321526811341321,33.21526811341321,33.21526811341321
2,U115.6,U114.2,source_trunk,85,1.44,25,native_nominal,0.024763820300722134,24.763820300722134,24.763820300722134
2,U115.6,U114.2,source_trunk,85,1.44,25,width_minus_25um_copper_80pct,0.03282107448081204,32.821074480812044,32.821074480812044
2,U115.6,U114.2,source_trunk,85,1.6,20,native_nominal,0.025362163178079076,25.362163178079076,25.362163178079076
2,U115.6,U114.2,source_trunk,85,1.6,20,width_minus_25um_copper_80pct,0.03341941735816899,33.419417358168985,33.419417358168985
2,U115.6,U114.2,source_trunk,85,1.6,25,native_nominal,0.024924170252966674,24.924170252966675,24.924170252966675
2,U115.6,U114.2,source_trunk,85,1.6,25,width_minus_25um_copper_80pct,0.032981424433056586,32.98142443305659,32.98142443305659
2,U115.6,U114.2,source_trunk,85,1.76,20,native_nominal,0.025566312422834855,25.566312422834855,25.566312422834855
2,U115.6,U114.2,source_trunk,85,1.76,20,width_minus_25um_copper_80pct,0.033623566602924766,33.62356660292477,33.62356660292477
2,U115.6,U114.2,source_trunk,85,1.76,25,native_nominal,0.025084520205211215,25.084520205211216,25.084520205211216
2,U115.6,U114.2,source_trunk,85,1.76,25,width_minus_25um_copper_80pct,0.03314177438530112,33.141774385301126,33.141774385301126
3,U115.6,C114.1,source_trunk,20,1.44,20,native_nominal,0.020765352530747332,20.765352530747332,20.765352530747332
3,U115.6,C114.1,source_trunk,20,1.44,20,width_minus_25um_copper_80pct,0.02701367042852873,27.01367042852873,27.01367042852873
3,U115.6,C114.1,source_trunk,20,1.44,25,native_nominal,0.020189204216943802,20.189204216943804,20.189204216943804
3,U115.6,C114.1,source_trunk,20,1.44,25,width_minus_25um_copper_80pct,0.0264375221147252,26.4375221147252,26.4375221147252
3,U115.6,C114.1,source_trunk,20,1.6,20,native_nominal,0.02106516548229337,21.06516548229337,21.06516548229337
3,U115.6,C114.1,source_trunk,20,1.6,20,width_minus_25um_copper_80pct,0.027313483380074766,27.313483380074768,27.313483380074768
3,U115.6,C114.1,source_trunk,20,1.6,25,native_nominal,0.020425000689178335,20.425000689178333,20.425000689178333
3,U115.6,C114.1,source_trunk,20,1.6,25,width_minus_25um_copper_80pct,0.026673318586959732,26.67331858695973,26.67331858695973
3,U115.6,C114.1,source_trunk,20,1.76,20,native_nominal,0.0213649784338394,21.3649784338394,21.3649784338394
3,U115.6,C114.1,source_trunk,20,1.76,20,width_minus_25um_copper_80pct,0.0276132963316208,27.6132963316208,27.6132963316208
3,U115.6,C114.1,source_trunk,20,1.76,25,native_nominal,0.020660797161412867,20.660797161412866,20.660797161412866
3,U115.6,C114.1,source_trunk,20,1.76,25,width_minus_25um_copper_80pct,0.026909115059194265,26.909115059194264,26.909115059194264
3,U115.6,C114.1,source_trunk,60,1.44,20,native_nominal,0.02402966594858081,24.02966594858081,24.02966594858081
3,U115.6,C114.1,source_trunk,60,1.44,20,width_minus_25um_copper_80pct,0.031260219419893445,31.260219419893446,31.260219419893446
3,U115.6,C114.1,source_trunk,60,1.44,25,native_nominal,0.023362947119847367,23.362947119847366,23.362947119847366
3,U115.6,C114.1,source_trunk,60,1.44,25,width_minus_25um_copper_80pct,0.030593500591160002,30.59350059116,30.59350059116
3,U115.6,C114.1,source_trunk,60,1.6,20,native_nominal,0.024376609496109883,24.376609496109882,24.376609496109882
3,U115.6,C114.1,source_trunk,60,1.6,20,width_minus_25um_copper_80pct,0.03160716296742251,31.60716296742251,31.60716296742251
3,U115.6,C114.1,source_trunk,60,1.6,25,native_nominal,0.023635810797517167,23.635810797517166,23.635810797517166
3,U115.6,C114.1,source_trunk,60,1.6,25,width_minus_25um_copper_80pct,0.030866364268829802,30.866364268829802,30.866364268829802
3,U115.6,C114.1,source_trunk,60,1.76,20,native_nominal,0.024723553043638956,24.723553043638955,24.723553043638955
3,U115.6,C114.1,source_trunk,60,1.76,20,width_minus_25um_copper_80pct,0.03195410651495159,31.95410651495159,31.95410651495159
3,U115.6,C114.1,source_trunk,60,1.76,25,native_nominal,0.02390867447518697,23.90867447518697,23.90867447518697
3,U115.6,C114.1,source_trunk,60,1.76,25,width_minus_25um_copper_80pct,0.03113922794649961,31.13922794649961,31.13922794649961
3,U115.6,C114.1,source_trunk,85,1.44,20,native_nominal,0.02606986183472674,26.06986183472674,26.06986183472674
3,U115.6,C114.1,source_trunk,85,1.44,20,width_minus_25um_copper_80pct,0.033914312539496394,33.91431253949639,33.91431253949639
3,U115.6,C114.1,source_trunk,85,1.44,25,native_nominal,0.0253465364341621,25.3465364341621,25.3465364341621
3,U115.6,C114.1,source_trunk,85,1.44,25,width_minus_25um_copper_80pct,0.03319098713893175,33.19098713893175,33.19098713893175
3,U115.6,C114.1,source_trunk,85,1.6,20,native_nominal,0.02644626200474521,26.446262004745208,26.446262004745208
3,U115.6,C114.1,source_trunk,85,1.6,20,width_minus_25um_copper_80pct,0.034290712709514864,34.290712709514864,34.290712709514864
3,U115.6,C114.1,source_trunk,85,1.6,25,native_nominal,0.025642567115228946,25.642567115228946,25.642567115228946
3,U115.6,C114.1,source_trunk,85,1.6,25,width_minus_25um_copper_80pct,0.0334870178199986,33.4870178199986,33.4870178199986
3,U115.6,C114.1,source_trunk,85,1.76,20,native_nominal,0.02682266217476368,26.82266217476368,26.82266217476368
3,U115.6,C114.1,source_trunk,85,1.76,20,width_minus_25um_copper_80pct,0.03466711287953333,34.66711287953333,34.66711287953333
3,U115.6,C114.1,source_trunk,85,1.76,25,native_nominal,0.025938597796295787,25.938597796295788,25.938597796295788
3,U115.6,C114.1,source_trunk,85,1.76,25,width_minus_25um_copper_80pct,0.03378304850106544,33.783048501065444,33.783048501065444
10,U201.4,C204.1,source_trunk,20,1.44,20,native_nominal,0.004702855213717031,4.702855213717031,4.702855213717031
10,U201.4,C204.1,source_trunk,20,1.44,20,width_minus_25um_copper_80pct,0.006613023321778756,6.613023321778757,6.613023321778757
10,U201.4,C204.1,source_trunk,20,1.44,25,native_nominal,0.004702855213717031,4.702855213717031,4.702855213717031
10,U201.4,C204.1,source_trunk,20,1.44,25,width_minus_25um_copper_80pct,0.006613023321778756,6.613023321778757,6.613023321778757
10,U201.4,C204.1,source_trunk,20,1.6,20,native_nominal,0.004702855213717031,4.702855213717031,4.702855213717031
10,U201.4,C204.1,source_trunk,20,1.6,20,width_minus_25um_copper_80pct,0.006613023321778756,6.613023321778757,6.613023321778757
10,U201.4,C204.1,source_trunk,20,1.6,25,native_nominal,0.004702855213717031,4.702855213717031,4.702855213717031
10,U201.4,C204.1,source_trunk,20,1.6,25,width_minus_25um_copper_80pct,0.006613023321778756,6.613023321778757,6.613023321778757
10,U201.4,C204.1,source_trunk,20,1.76,20,native_nominal,0.004702855213717031,4.702855213717031,4.702855213717031
10,U201.4,C204.1,source_trunk,20,1.76,20,width_minus_25um_copper_80pct,0.006613023321778756,6.613023321778757,6.613023321778757
10,U201.4,C204.1,source_trunk,20,1.76,25,native_nominal,0.004702855213717031,4.702855213717031,4.702855213717031
10,U201.4,C204.1,source_trunk,20,1.76,25,width_minus_25um_copper_80pct,0.006613023321778756,6.613023321778757,6.613023321778757
10,U201.4,C204.1,source_trunk,60,1.44,20,native_nominal,0.005442144053313348,5.442144053313348,5.442144053313348
10,U201.4,C204.1,source_trunk,60,1.44,20,width_minus_25um_copper_80pct,0.007652590587962377,7.652590587962377,7.652590587962377
10,U201.4,C204.1,source_trunk,60,1.44,25,native_nominal,0.005442144053313348,5.442144053313348,5.442144053313348
10,U201.4,C204.1,source_trunk,60,1.44,25,width_minus_25um_copper_80pct,0.007652590587962377,7.652590587962377,7.652590587962377
10,U201.4,C204.1,source_trunk,60,1.6,20,native_nominal,0.005442144053313348,5.442144053313348,5.442144053313348
10,U201.4,C204.1,source_trunk,60,1.6,20,width_minus_25um_copper_80pct,0.007652590587962377,7.652590587962377,7.652590587962377
10,U201.4,C204.1,source_trunk,60,1.6,25,native_nominal,0.005442144053313348,5.442144053313348,5.442144053313348
10,U201.4,C204.1,source_trunk,60,1.6,25,width_minus_25um_copper_80pct,0.007652590587962377,7.652590587962377,7.652590587962377
10,U201.4,C204.1,source_trunk,60,1.76,20,native_nominal,0.005442144053313348,5.442144053313348,5.442144053313348
10,U201.4,C204.1,source_trunk,60,1.76,20,width_minus_25um_copper_80pct,0.007652590587962377,7.652590587962377,7.652590587962377
10,U201.4,C204.1,source_trunk,60,1.76,25,native_nominal,0.005442144053313348,5.442144053313348,5.442144053313348
10,U201.4,C204.1,source_trunk,60,1.76,25,width_minus_25um_copper_80pct,0.007652590587962377,7.652590587962377,7.652590587962377
10,U201.4,C204.1,source_trunk,85,1.44,20,native_nominal,0.005904199578061045,5.904199578061045,5.904199578061045
10,U201.4,C204.1,source_trunk,85,1.44,20,width_minus_25um_copper_80pct,0.00830232012932714,8.30232012932714,8.30232012932714
10,U201.4,C204.1,source_trunk,85,1.44,25,native_nominal,0.005904199578061045,5.904199578061045,5.904199578061045
10,U201.4,C204.1,source_trunk,85,1.44,25,width_minus_25um_copper_80pct,0.00830232012932714,8.30232012932714,8.30232012932714
10,U201.4,C204.1,source_trunk,85,1.6,20,native_nominal,0.005904199578061045,5.904199578061045,5.904199578061045
10,U201.4,C204.1,source_trunk,85,1.6,20,width_minus_25um_copper_80pct,0.00830232012932714,8.30232012932714,8.30232012932714
10,U201.4,C204.1,source_trunk,85,1.6,25,native_nominal,0.005904199578061045,5.904199578061045,5.904199578061045
10,U201.4,C204.1,source_trunk,85,1.6,25,width_minus_25um_copper_80pct,0.00830232012932714,8.30232012932714,8.30232012932714
10,U201.4,C204.1,source_trunk,85,1.76,20,native_nominal,0.005904199578061045,5.904199578061045,5.904199578061045
10,U201.4,C204.1,source_trunk,85,1.76,20,width_minus_25um_copper_80pct,0.00830232012932714,8.30232012932714,8.30232012932714
10,U201.4,C204.1,source_trunk,85,1.76,25,native_nominal,0.005904199578061045,5.904199578061045,5.904199578061045
10,U201.4,C204.1,source_trunk,85,1.76,25,width_minus_25um_copper_80pct,0.00830232012932714,8.30232012932714,8.30232012932714
11,U201.4,C205.1,source_trunk,20,1.44,20,native_nominal,0.006479702504357425,6.479702504357425,6.479702504357425
11,U201.4,C205.1,source_trunk,20,1.44,20,width_minus_25um_copper_80pct,0.008905729503250233,8.905729503250232,8.905729503250232
11,U201.4,C205.1,source_trunk,20,1.44,25,native_nominal,0.006479702504357425,6.479702504357425,6.479702504357425
11,U201.4,C205.1,source_trunk,20,1.44,25,width_minus_25um_copper_80pct,0.008905729503250233,8.905729503250232,8.905729503250232
11,U201.4,C205.1,source_trunk,20,1.6,20,native_nominal,0.006479702504357425,6.479702504357425,6.479702504357425
11,U201.4,C205.1,source_trunk,20,1.6,20,width_minus_25um_copper_80pct,0.008905729503250233,8.905729503250232,8.905729503250232
11,U201.4,C205.1,source_trunk,20,1.6,25,native_nominal,0.006479702504357425,6.479702504357425,6.479702504357425
11,U201.4,C205.1,source_trunk,20,1.6,25,width_minus_25um_copper_80pct,0.008905729503250233,8.905729503250232,8.905729503250232
11,U201.4,C205.1,source_trunk,20,1.76,20,native_nominal,0.006479702504357425,6.479702504357425,6.479702504357425
11,U201.4,C205.1,source_trunk,20,1.76,20,width_minus_25um_copper_80pct,0.008905729503250233,8.905729503250232,8.905729503250232
11,U201.4,C205.1,source_trunk,20,1.76,25,native_nominal,0.006479702504357425,6.479702504357425,6.479702504357425
11,U201.4,C205.1,source_trunk,20,1.76,25,width_minus_25um_copper_80pct,0.008905729503250233,8.905729503250232,8.905729503250232
11,U201.4,C205.1,source_trunk,60,1.44,20,native_nominal,0.0074983117380424125,7.498311738042412,7.498311738042412
11,U201.4,C205.1,source_trunk,60,1.44,20,width_minus_25um_copper_80pct,0.010305710181161169,10.305710181161169,10.305710181161169
11,U201.4,C205.1,source_trunk,60,1.44,25,native_nominal,0.0074983117380424125,7.498311738042412,7.498311738042412
11,U201.4,C205.1,source_trunk,60,1.44,25,width_minus_25um_copper_80pct,0.010305710181161169,10.305710181161169,10.305710181161169
11,U201.4,C205.1,source_trunk,60,1.6,20,native_nominal,0.0074983117380424125,7.498311738042412,7.498311738042412
11,U201.4,C205.1,source_trunk,60,1.6,20,width_minus_25um_copper_80pct,0.010305710181161169,10.305710181161169,10.305710181161169
11,U201.4,C205.1,source_trunk,60,1.6,25,native_nominal,0.0074983117380424125,7.498311738042412,7.498311738042412
11,U201.4,C205.1,source_trunk,60,1.6,25,width_minus_25um_copper_80pct,0.010305710181161169,10.305710181161169,10.305710181161169
11,U201.4,C205.1,source_trunk,60,1.76,20,native_nominal,0.0074983117380424125,7.498311738042412,7.498311738042412
11,U201.4,C205.1,source_trunk,60,1.76,20,width_minus_25um_copper_80pct,0.010305710181161169,10.305710181161169,10.305710181161169
11,U201.4,C205.1,source_trunk,60,1.76,25,native_nominal,0.0074983117380424125,7.498311738042412,7.498311738042412
11,U201.4,C205.1,source_trunk,60,1.76,25,width_minus_25um_copper_80pct,0.010305710181161169,10.305710181161169,10.305710181161169
11,U201.4,C205.1,source_trunk,85,1.44,20,native_nominal,0.008134942509095527,8.134942509095527,8.134942509095527
11,U201.4,C205.1,source_trunk,85,1.44,20,width_minus_25um_copper_80pct,0.011180698104855504,11.180698104855503,11.180698104855503
11,U201.4,C205.1,source_trunk,85,1.44,25,native_nominal,0.008134942509095527,8.134942509095527,8.134942509095527
11,U201.4,C205.1,source_trunk,85,1.44,25,width_minus_25um_copper_80pct,0.011180698104855504,11.180698104855503,11.180698104855503
11,U201.4,C205.1,source_trunk,85,1.6,20,native_nominal,0.008134942509095527,8.134942509095527,8.134942509095527
11,U201.4,C205.1,source_trunk,85,1.6,20,width_minus_25um_copper_80pct,0.011180698104855504,11.180698104855503,11.180698104855503
11,U201.4,C205.1,source_trunk,85,1.6,25,native_nominal,0.008134942509095527,8.134942509095527,8.134942509095527
11,U201.4,C205.1,source_trunk,85,1.6,25,width_minus_25um_copper_80pct,0.011180698104855504,11.180698104855503,11.180698104855503
11,U201.4,C205.1,source_trunk,85,1.76,20,native_nominal,0.008134942509095527,8.134942509095527,8.134942509095527
11,U201.4,C205.1,source_trunk,85,1.76,20,width_minus_25um_copper_80pct,0.011180698104855504,11.180698104855503,11.180698104855503
11,U201.4,C205.1,source_trunk,85,1.76,25,native_nominal,0.008134942509095527,8.134942509095527,8.134942509095527
11,U201.4,C205.1,source_trunk,85,1.76,25,width_minus_25um_copper_80pct,0.011180698104855504,11.180698104855503,11.180698104855503
12,U201.4,C206.1,source_trunk,20,1.44,20,native_nominal,0.007672436494505208,7.672436494505208,7.672436494505208
12,U201.4,C206.1,source_trunk,20,1.44,20,width_minus_25um_copper_80pct,0.01044474110344092,10.44474110344092,10.44474110344092
12,U201.4,C206.1,source_trunk,20,1.44,25,native_nominal,0.007672436494505208,7.672436494505208,7.672436494505208
12,U201.4,C206.1,source_trunk,20,1.44,25,width_minus_25um_copper_80pct,0.01044474110344092,10.44474110344092,10.44474110344092
12,U201.4,C206.1,source_trunk,20,1.6,20,native_nominal,0.007672436494505208,7.672436494505208,7.672436494505208
12,U201.4,C206.1,source_trunk,20,1.6,20,width_minus_25um_copper_80pct,0.01044474110344092,10.44474110344092,10.44474110344092
12,U201.4,C206.1,source_trunk,20,1.6,25,native_nominal,0.007672436494505208,7.672436494505208,7.672436494505208
12,U201.4,C206.1,source_trunk,20,1.6,25,width_minus_25um_copper_80pct,0.01044474110344092,10.44474110344092,10.44474110344092
12,U201.4,C206.1,source_trunk,20,1.76,20,native_nominal,0.007672436494505208,7.672436494505208,7.672436494505208
12,U201.4,C206.1,source_trunk,20,1.76,20,width_minus_25um_copper_80pct,0.01044474110344092,10.44474110344092,10.44474110344092
12,U201.4,C206.1,source_trunk,20,1.76,25,native_nominal,0.007672436494505208,7.672436494505208,7.672436494505208
12,U201.4,C206.1,source_trunk,20,1.76,25,width_minus_25um_copper_80pct,0.01044474110344092,10.44474110344092,10.44474110344092
12,U201.4,C206.1,source_trunk,60,1.44,20,native_nominal,0.008878543511441427,8.878543511441427,8.878543511441427
12,U201.4,C206.1,source_trunk,60,1.44,20,width_minus_25um_copper_80pct,0.012086654404901833,12.086654404901832,12.086654404901832
12,U201.4,C206.1,source_trunk,60,1.44,25,native_nominal,0.008878543511441427,8.878543511441427,8.878543511441427
12,U201.4,C206.1,source_trunk,60,1.44,25,width_minus_25um_copper_80pct,0.012086654404901833,12.086654404901832,12.086654404901832
12,U201.4,C206.1,source_trunk,60,1.6,20,native_nominal,0.008878543511441427,8.878543511441427,8.878543511441427
12,U201.4,C206.1,source_trunk,60,1.6,20,width_minus_25um_copper_80pct,0.012086654404901833,12.086654404901832,12.086654404901832
12,U201.4,C206.1,source_trunk,60,1.6,25,native_nominal,0.008878543511441427,8.878543511441427,8.878543511441427
12,U201.4,C206.1,source_trunk,60,1.6,25,width_minus_25um_copper_80pct,0.012086654404901833,12.086654404901832,12.086654404901832
12,U201.4,C206.1,source_trunk,60,1.76,20,native_nominal,0.008878543511441427,8.878543511441427,8.878543511441427
12,U201.4,C206.1,source_trunk,60,1.76,20,width_minus_25um_copper_80pct,0.012086654404901833,12.086654404901832,12.086654404901832
12,U201.4,C206.1,source_trunk,60,1.76,25,native_nominal,0.008878543511441427,8.878543511441427,8.878543511441427
12,U201.4,C206.1,source_trunk,60,1.76,25,width_minus_25um_copper_80pct,0.012086654404901833,12.086654404901832,12.086654404901832
12,U201.4,C206.1,source_trunk,85,1.44,20,native_nominal,0.009632360397026562,9.632360397026563,9.632360397026563
12,U201.4,C206.1,source_trunk,85,1.44,20,width_minus_25um_copper_80pct,0.013112850218314903,13.112850218314904,13.112850218314904
12,U201.4,C206.1,source_trunk,85,1.44,25,native_nominal,0.009632360397026562,9.632360397026563,9.632360397026563
12,U201.4,C206.1,source_trunk,85,1.44,25,width_minus_25um_copper_80pct,0.013112850218314903,13.112850218314904,13.112850218314904
12,U201.4,C206.1,source_trunk,85,1.6,20,native_nominal,0.009632360397026562,9.632360397026563,9.632360397026563
12,U201.4,C206.1,source_trunk,85,1.6,20,width_minus_25um_copper_80pct,0.013112850218314903,13.112850218314904,13.112850218314904
12,U201.4,C206.1,source_trunk,85,1.6,25,native_nominal,0.009632360397026562,9.632360397026563,9.632360397026563
12,U201.4,C206.1,source_trunk,85,1.6,25,width_minus_25um_copper_80pct,0.013112850218314903,13.112850218314904,13.112850218314904
12,U201.4,C206.1,source_trunk,85,1.76,20,native_nominal,0.009632360397026562,9.632360397026563,9.632360397026563
12,U201.4,C206.1,source_trunk,85,1.76,20,width_minus_25um_copper_80pct,0.013112850218314903,13.112850218314904,13.112850218314904
12,U201.4,C206.1,source_trunk,85,1.76,25,native_nominal,0.009632360397026562,9.632360397026563,9.632360397026563
12,U201.4,C206.1,source_trunk,85,1.76,25,width_minus_25um_copper_80pct,0.013112850218314903,13.112850218314904,13.112850218314904
13,U201.5,C204.1,source_trunk,20,1.44,20,native_nominal,0.0034713281201209723,3.4713281201209725,3.4713281201209725
13,U201.5,C204.1,source_trunk,20,1.44,20,width_minus_25um_copper_80pct,0.004853698902355815,4.8536989023558155,4.8536989023558155
13,U201.5,C204.1,source_trunk,20,1.44,25,native_nominal,0.0034713281201209723,3.4713281201209725,3.4713281201209725
13,U201.5,C204.1,source_trunk,20,1.44,25,width_minus_25um_copper_80pct,0.004853698902355815,4.8536989023558155,4.8536989023558155
13,U201.5,C204.1,source_trunk,20,1.6,20,native_nominal,0.0034713281201209723,3.4713281201209725,3.4713281201209725
13,U201.5,C204.1,source_trunk,20,1.6,20,width_minus_25um_copper_80pct,0.004853698902355815,4.8536989023558155,4.8536989023558155
13,U201.5,C204.1,source_trunk,20,1.6,25,native_nominal,0.0034713281201209723,3.4713281201209725,3.4713281201209725
13,U201.5,C204.1,source_trunk,20,1.6,25,width_minus_25um_copper_80pct,0.004853698902355815,4.8536989023558155,4.8536989023558155
13,U201.5,C204.1,source_trunk,20,1.76,20,native_nominal,0.0034713281201209723,3.4713281201209725,3.4713281201209725
13,U201.5,C204.1,source_trunk,20,1.76,20,width_minus_25um_copper_80pct,0.004853698902355815,4.8536989023558155,4.8536989023558155
13,U201.5,C204.1,source_trunk,20,1.76,25,native_nominal,0.0034713281201209723,3.4713281201209725,3.4713281201209725
13,U201.5,C204.1,source_trunk,20,1.76,25,width_minus_25um_copper_80pct,0.004853698902355815,4.8536989023558155,4.8536989023558155
13,U201.5,C204.1,source_trunk,60,1.44,20,native_nominal,0.004017020900603989,4.017020900603988,4.017020900603988
13,U201.5,C204.1,source_trunk,60,1.44,20,width_minus_25um_copper_80pct,0.005616700369806149,5.616700369806149,5.616700369806149
13,U201.5,C204.1,source_trunk,60,1.44,25,native_nominal,0.004017020900603989,4.017020900603988,4.017020900603988
13,U201.5,C204.1,source_trunk,60,1.44,25,width_minus_25um_copper_80pct,0.005616700369806149,5.616700369806149,5.616700369806149
13,U201.5,C204.1,source_trunk,60,1.6,20,native_nominal,0.004017020900603989,4.017020900603988,4.017020900603988
13,U201.5,C204.1,source_trunk,60,1.6,20,width_minus_25um_copper_80pct,0.005616700369806149,5.616700369806149,5.616700369806149
13,U201.5,C204.1,source_trunk,60,1.6,25,native_nominal,0.004017020900603989,4.017020900603988,4.017020900603988
13,U201.5,C204.1,source_trunk,60,1.6,25,width_minus_25um_copper_80pct,0.005616700369806149,5.616700369806149,5.616700369806149
13,U201.5,C204.1,source_trunk,60,1.76,20,native_nominal,0.004017020900603989,4.017020900603988,4.017020900603988
13,U201.5,C204.1,source_trunk,60,1.76,20,width_minus_25um_copper_80pct,0.005616700369806149,5.616700369806149,5.616700369806149
13,U201.5,C204.1,source_trunk,60,1.76,25,native_nominal,0.004017020900603989,4.017020900603988,4.017020900603988
13,U201.5,C204.1,source_trunk,60,1.76,25,width_minus_25um_copper_80pct,0.005616700369806149,5.616700369806149,5.616700369806149
13,U201.5,C204.1,source_trunk,85,1.44,20,native_nominal,0.004358078888405874,4.358078888405873,4.358078888405873
13,U201.5,C204.1,source_trunk,85,1.44,20,width_minus_25um_copper_80pct,0.006093576286962607,6.093576286962607,6.093576286962607
13,U201.5,C204.1,source_trunk,85,1.44,25,native_nominal,0.004358078888405874,4.358078888405873,4.358078888405873
13,U201.5,C204.1,source_trunk,85,1.44,25,width_minus_25um_copper_80pct,0.006093576286962607,6.093576286962607,6.093576286962607
13,U201.5,C204.1,source_trunk,85,1.6,20,native_nominal,0.004358078888405874,4.358078888405873,4.358078888405873
13,U201.5,C204.1,source_trunk,85,1.6,20,width_minus_25um_copper_80pct,0.006093576286962607,6.093576286962607,6.093576286962607
13,U201.5,C204.1,source_trunk,85,1.6,25,native_nominal,0.004358078888405874,4.358078888405873,4.358078888405873
13,U201.5,C204.1,source_trunk,85,1.6,25,width_minus_25um_copper_80pct,0.006093576286962607,6.093576286962607,6.093576286962607
13,U201.5,C204.1,source_trunk,85,1.76,20,native_nominal,0.004358078888405874,4.358078888405873,4.358078888405873
13,U201.5,C204.1,source_trunk,85,1.76,20,width_minus_25um_copper_80pct,0.006093576286962607,6.093576286962607,6.093576286962607
13,U201.5,C204.1,source_trunk,85,1.76,25,native_nominal,0.004358078888405874,4.358078888405873,4.358078888405873
13,U201.5,C204.1,source_trunk,85,1.76,25,width_minus_25um_copper_80pct,0.006093576286962607,6.093576286962607,6.093576286962607
14,U201.5,C205.1,source_trunk,20,1.44,20,native_nominal,0.005248175410761367,5.248175410761367,5.248175410761367
14,U201.5,C205.1,source_trunk,20,1.44,20,width_minus_25um_copper_80pct,0.007146405083827291,7.1464050838272914,7.1464050838272914
14,U201.5,C205.1,source_trunk,20,1.44,25,native_nominal,0.005248175410761367,5.248175410761367,5.248175410761367
14,U201.5,C205.1,source_trunk,20,1.44,25,width_minus_25um_copper_80pct,0.007146405083827291,7.1464050838272914,7.1464050838272914
14,U201.5,C205.1,source_trunk,20,1.6,20,native_nominal,0.005248175410761367,5.248175410761367,5.248175410761367
14,U201.5,C205.1,source_trunk,20,1.6,20,width_minus_25um_copper_80pct,0.007146405083827291,7.1464050838272914,7.1464050838272914
14,U201.5,C205.1,source_trunk,20,1.6,25,native_nominal,0.005248175410761367,5.248175410761367,5.248175410761367
14,U201.5,C205.1,source_trunk,20,1.6,25,width_minus_25um_copper_80pct,0.007146405083827291,7.1464050838272914,7.1464050838272914
14,U201.5,C205.1,source_trunk,20,1.76,20,native_nominal,0.005248175410761367,5.248175410761367,5.248175410761367
14,U201.5,C205.1,source_trunk,20,1.76,20,width_minus_25um_copper_80pct,0.007146405083827291,7.1464050838272914,7.1464050838272914
14,U201.5,C205.1,source_trunk,20,1.76,25,native_nominal,0.005248175410761367,5.248175410761367,5.248175410761367
14,U201.5,C205.1,source_trunk,20,1.76,25,width_minus_25um_copper_80pct,0.007146405083827291,7.1464050838272914,7.1464050838272914
14,U201.5,C205.1,source_trunk,60,1.44,20,native_nominal,0.006073188585333053,6.073188585333053,6.073188585333053
14,U201.5,C205.1,source_trunk,60,1.44,20,width_minus_25um_copper_80pct,0.00826981996300494,8.269819963004942,8.269819963004942
14,U201.5,C205.1,source_trunk,60,1.44,25,native_nominal,0.006073188585333053,6.073188585333053,6.073188585333053
14,U201.5,C205.1,source_trunk,60,1.44,25,width_minus_25um_copper_80pct,0.00826981996300494,8.269819963004942,8.269819963004942
14,U201.5,C205.1,source_trunk,60,1.6,20,native_nominal,0.006073188585333053,6.073188585333053,6.073188585333053
14,U201.5,C205.1,source_trunk,60,1.6,20,width_minus_25um_copper_80pct,0.00826981996300494,8.269819963004942,8.269819963004942
14,U201.5,C205.1,source_trunk,60,1.6,25,native_nominal,0.006073188585333053,6.073188585333053,6.073188585333053
14,U201.5,C205.1,source_trunk,60,1.6,25,width_minus_25um_copper_80pct,0.00826981996300494,8.269819963004942,8.269819963004942
14,U201.5,C205.1,source_trunk,60,1.76,20,native_nominal,0.006073188585333053,6.073188585333053,6.073188585333053
14,U201.5,C205.1,source_trunk,60,1.76,20,width_minus_25um_copper_80pct,0.00826981996300494,8.269819963004942,8.269819963004942
14,U201.5,C205.1,source_trunk,60,1.76,25,native_nominal,0.006073188585333053,6.073188585333053,6.073188585333053
14,U201.5,C205.1,source_trunk,60,1.76,25,width_minus_25um_copper_80pct,0.00826981996300494,8.269819963004942,8.269819963004942
14,U201.5,C205.1,source_trunk,85,1.44,20,native_nominal,0.006588821819440356,6.588821819440356,6.588821819440356
14,U201.5,C205.1,source_trunk,85,1.44,20,width_minus_25um_copper_80pct,0.00897195426249097,8.971954262490971,8.971954262490971
14,U201.5,C205.1,source_trunk,85,1.44,25,native_nominal,0.006588821819440356,6.588821819440356,6.588821819440356
14,U201.5,C205.1,source_trunk,85,1.44,25,width_minus_25um_copper_80pct,0.00897195426249097,8.971954262490971,8.971954262490971
14,U201.5,C205.1,source_trunk,85,1.6,20,native_nominal,0.006588821819440356,6.588821819440356,6.588821819440356
14,U201.5,C205.1,source_trunk,85,1.6,20,width_minus_25um_copper_80pct,0.00897195426249097,8.971954262490971,8.971954262490971
14,U201.5,C205.1,source_trunk,85,1.6,25,native_nominal,0.006588821819440356,6.588821819440356,6.588821819440356
14,U201.5,C205.1,source_trunk,85,1.6,25,width_minus_25um_copper_80pct,0.00897195426249097,8.971954262490971,8.971954262490971
14,U201.5,C205.1,source_trunk,85,1.76,20,native_nominal,0.006588821819440356,6.588821819440356,6.588821819440356
14,U201.5,C205.1,source_trunk,85,1.76,20,width_minus_25um_copper_80pct,0.00897195426249097,8.971954262490971,8.971954262490971
14,U201.5,C205.1,source_trunk,85,1.76,25,native_nominal,0.006588821819440356,6.588821819440356,6.588821819440356
14,U201.5,C205.1,source_trunk,85,1.76,25,width_minus_25um_copper_80pct,0.00897195426249097,8.971954262490971,8.971954262490971
15,U201.5,C206.1,source_trunk,20,1.44,20,native_nominal,0.0064409094009091495,6.44090940090915,6.44090940090915
15,U201.5,C206.1,source_trunk,20,1.44,20,width_minus_25um_copper_80pct,0.008685416684017979,8.685416684017978,8.685416684017978
15,U201.5,C206.1,source_trunk,20,1.44,25,native_nominal,0.0064409094009091495,6.44090940090915,6.44090940090915
15,U201.5,C206.1,source_trunk,20,1.44,25,width_minus_25um_copper_80pct,0.008685416684017979,8.685416684017978,8.685416684017978
15,U201.5,C206.1,source_trunk,20,1.6,20,native_nominal,0.0064409094009091495,6.44090940090915,6.44090940090915
15,U201.5,C206.1,source_trunk,20,1.6,20,width_minus_25um_copper_80pct,0.008685416684017979,8.685416684017978,8.685416684017978
15,U201.5,C206.1,source_trunk,20,1.6,25,native_nominal,0.0064409094009091495,6.44090940090915,6.44090940090915
15,U201.5,C206.1,source_trunk,20,1.6,25,width_minus_25um_copper_80pct,0.008685416684017979,8.685416684017978,8.685416684017978
15,U201.5,C206.1,source_trunk,20,1.76,20,native_nominal,0.0064409094009091495,6.44090940090915,6.44090940090915
15,U201.5,C206.1,source_trunk,20,1.76,20,width_minus_25um_copper_80pct,0.008685416684017979,8.685416684017978,8.685416684017978
15,U201.5,C206.1,source_trunk,20,1.76,25,native_nominal,0.0064409094009091495,6.44090940090915,6.44090940090915
15,U201.5,C206.1,source_trunk,20,1.76,25,width_minus_25um_copper_80pct,0.008685416684017979,8.685416684017978,8.685416684017978
15,U201.5,C206.1,source_trunk,60,1.44,20,native_nominal,0.007453420358732068,7.453420358732068,7.453420358732068
15,U201.5,C206.1,source_trunk,60,1.44,20,width_minus_25um_copper_80pct,0.010050764186745605,10.050764186745605,10.050764186745605
15,U201.5,C206.1,source_trunk,60,1.44,25,native_nominal,0.007453420358732068,7.453420358732068,7.453420358732068
15,U201.5,C206.1,source_trunk,60,1.44,25,width_minus_25um_copper_80pct,0.010050764186745605,10.050764186745605,10.050764186745605
15,U201.5,C206.1,source_trunk,60,1.6,20,native_nominal,0.007453420358732068,7.453420358732068,7.453420358732068
15,U201.5,C206.1,source_trunk,60,1.6,20,width_minus_25um_copper_80pct,0.010050764186745605,10.050764186745605,10.050764186745605
15,U201.5,C206.1,source_trunk,60,1.6,25,native_nominal,0.007453420358732068,7.453420358732068,7.453420358732068
15,U201.5,C206.1,source_trunk,60,1.6,25,width_minus_25um_copper_80pct,0.010050764186745605,10.050764186745605,10.050764186745605
15,U201.5,C206.1,source_trunk,60,1.76,20,native_nominal,0.007453420358732068,7.453420358732068,7.453420358732068
15,U201.5,C206.1,source_trunk,60,1.76,20,width_minus_25um_copper_80pct,0.010050764186745605,10.050764186745605,10.050764186745605
15,U201.5,C206.1,source_trunk,60,1.76,25,native_nominal,0.007453420358732068,7.453420358732068,7.453420358732068
15,U201.5,C206.1,source_trunk,60,1.76,25,width_minus_25um_copper_80pct,0.010050764186745605,10.050764186745605,10.050764186745605
15,U201.5,C206.1,source_trunk,85,1.44,20,native_nominal,0.008086239707371391,8.08623970737139,8.08623970737139
15,U201.5,C206.1,source_trunk,85,1.44,20,width_minus_25um_copper_80pct,0.01090410637595037,10.90410637595037,10.90410637595037
15,U201.5,C206.1,source_trunk,85,1.44,25,native_nominal,0.008086239707371391,8.08623970737139,8.08623970737139
15,U201.5,C206.1,source_trunk,85,1.44,25,width_minus_25um_copper_80pct,0.01090410637595037,10.90410637595037,10.90410637595037
15,U201.5,C206.1,source_trunk,85,1.6,20,native_nominal,0.008086239707371391,8.08623970737139,8.08623970737139
15,U201.5,C206.1,source_trunk,85,1.6,20,width_minus_25um_copper_80pct,0.01090410637595037,10.90410637595037,10.90410637595037
15,U201.5,C206.1,source_trunk,85,1.6,25,native_nominal,0.008086239707371391,8.08623970737139,8.08623970737139
15,U201.5,C206.1,source_trunk,85,1.6,25,width_minus_25um_copper_80pct,0.01090410637595037,10.90410637595037,10.90410637595037
15,U201.5,C206.1,source_trunk,85,1.76,20,native_nominal,0.008086239707371391,8.08623970737139,8.08623970737139
15,U201.5,C206.1,source_trunk,85,1.76,20,width_minus_25um_copper_80pct,0.01090410637595037,10.90410637595037,10.90410637595037
15,U201.5,C206.1,source_trunk,85,1.76,25,native_nominal,0.008086239707371391,8.08623970737139,8.08623970737139
15,U201.5,C206.1,source_trunk,85,1.76,25,width_minus_25um_copper_80pct,0.01090410637595037,10.90410637595037,10.90410637595037
19,U302.3,J301.2,source_trunk,20,1.44,20,native_nominal,0.033783490973188085,33.78349097318809,33.78349097318809
19,U302.3,J301.2,source_trunk,20,1.44,20,width_minus_25um_copper_80pct,0.04455180331042789,44.55180331042789,44.55180331042789
19,U302.3,J301.2,source_trunk,20,1.44,25,native_nominal,0.033443885152530196,33.4438851525302,33.4438851525302
19,U302.3,J301.2,source_trunk,20,1.44,25,width_minus_25um_copper_80pct,0.044212197489770004,44.212197489770006,44.212197489770006
19,U302.3,J301.2,source_trunk,20,1.6,20,native_nominal,0.033962909675612635,33.962909675612636,33.962909675612636
19,U302.3,J301.2,source_trunk,20,1.6,20,width_minus_25um_copper_80pct,0.04473122201285244,44.73122201285244,44.73122201285244
19,U302.3,J301.2,source_trunk,20,1.6,25,native_nominal,0.03358556987488165,33.58556987488165,33.58556987488165
19,U302.3,J301.2,source_trunk,20,1.6,25,width_minus_25um_copper_80pct,0.04435388221212145,44.35388221212145,44.35388221212145
19,U302.3,J301.2,source_trunk,20,1.76,20,native_nominal,0.03414232837803719,34.14232837803719,34.14232837803719
19,U302.3,J301.2,source_trunk,20,1.76,20,width_minus_25um_copper_80pct,0.04491064071527699,44.91064071527699,44.91064071527699
19,U302.3,J301.2,source_trunk,20,1.76,25,native_nominal,0.033727254597233094,33.72725459723309,33.72725459723309
19,U302.3,J301.2,source_trunk,20,1.76,25,width_minus_25um_copper_80pct,0.04449556693447291,44.49556693447291,44.49556693447291
19,U302.3,J301.2,source_trunk,60,1.44,20,native_nominal,0.03909425575417325,39.094255754173254,39.094255754173254
19,U302.3,J301.2,source_trunk,60,1.44,20,width_minus_25um_copper_80pct,0.051555346790827156,51.55534679082716,51.55534679082716
19,U302.3,J301.2,source_trunk,60,1.44,25,native_nominal,0.03870126389850794,38.70126389850794,38.70126389850794
19,U302.3,J301.2,source_trunk,60,1.44,25,width_minus_25um_copper_80pct,0.051162354935161844,51.162354935161844,51.162354935161844
19,U302.3,J301.2,source_trunk,60,1.6,20,native_nominal,0.03930187907661895,39.30187907661895,39.30187907661895
19,U302.3,J301.2,source_trunk,60,1.6,20,width_minus_25um_copper_80pct,0.05176297011327285,51.76297011327285,51.76297011327285
19,U302.3,J301.2,source_trunk,60,1.6,25,native_nominal,0.03886522145921305,38.865221459213046,38.865221459213046
19,U302.3,J301.2,source_trunk,60,1.6,25,width_minus_25um_copper_80pct,0.05132631249586695,51.32631249586695,51.32631249586695
19,U302.3,J301.2,source_trunk,60,1.76,20,native_nominal,0.03950950239906463,39.50950239906463,39.50950239906463
19,U302.3,J301.2,source_trunk,60,1.76,20,width_minus_25um_copper_80pct,0.05197059343571854,51.97059343571854,51.97059343571854
19,U302.3,J301.2,source_trunk,60,1.76,25,native_nominal,0.03902917901991814,39.02917901991814,39.02917901991814
19,U302.3,J301.2,source_trunk,60,1.76,25,width_minus_25um_copper_80pct,0.05149027005657204,51.490270056572044,51.490270056572044
19,U302.3,J301.2,source_trunk,85,1.44,20,native_nominal,0.04241348374228898,42.41348374228898,42.41348374228898
19,U302.3,J301.2,source_trunk,85,1.44,20,width_minus_25um_copper_80pct,0.0559325614660767,55.9325614660767,55.9325614660767
19,U302.3,J301.2,source_trunk,85,1.44,25,native_nominal,0.04198712561474404,41.98712561474404,41.98712561474404
19,U302.3,J301.2,source_trunk,85,1.44,25,width_minus_25um_copper_80pct,0.05550620333853175,55.50620333853175,55.50620333853175
19,U302.3,J301.2,source_trunk,85,1.6,20,native_nominal,0.04263873495224789,42.63873495224789,42.63873495224789
19,U302.3,J301.2,source_trunk,85,1.6,20,width_minus_25um_copper_80pct,0.056157812676035604,56.157812676035604,56.157812676035604
19,U302.3,J301.2,source_trunk,85,1.6,25,native_nominal,0.04216500369942016,42.16500369942016,42.16500369942016
19,U302.3,J301.2,source_trunk,85,1.6,25,width_minus_25um_copper_80pct,0.05568408142320787,55.68408142320787,55.68408142320787
19,U302.3,J301.2,source_trunk,85,1.76,20,native_nominal,0.04286398616220679,42.86398616220679,42.86398616220679
19,U302.3,J301.2,source_trunk,85,1.76,20,width_minus_25um_copper_80pct,0.0563830638859945,56.383063885994495,56.383063885994495
19,U302.3,J301.2,source_trunk,85,1.76,25,native_nominal,0.042342881784096294,42.34288178409629,42.34288178409629
19,U302.3,J301.2,source_trunk,85,1.76,25,width_minus_25um_copper_80pct,0.055861959507884,55.861959507884,55.861959507884
20,U302.3,J301.4,source_trunk,20,1.44,20,native_nominal,0.030275466667966815,30.275466667966814,30.275466667966814
20,U302.3,J301.4,source_trunk,20,1.44,20,width_minus_25um_copper_80pct,0.040001086065961956,40.00108606596196,40.00108606596196
20,U302.3,J301.4,source_trunk,20,1.44,25,native_nominal,0.030013304281600588,30.013304281600586,30.013304281600586
20,U302.3,J301.4,source_trunk,20,1.44,25,width_minus_25um_copper_80pct,0.039738923679595736,39.738923679595736,39.738923679595736
20,U302.3,J301.4,source_trunk,20,1.6,20,native_nominal,0.030412669205114998,30.412669205114998,30.412669205114998
20,U302.3,J301.4,source_trunk,20,1.6,20,width_minus_25um_copper_80pct,0.040138288603110146,40.13828860311015,40.13828860311015
20,U302.3,J301.4,source_trunk,20,1.6,25,native_nominal,0.030121377664708085,30.121377664708085,30.121377664708085
20,U302.3,J301.4,source_trunk,20,1.6,25,width_minus_25um_copper_80pct,0.03984699706270323,39.846997062703224,39.846997062703224
20,U302.3,J301.4,source_trunk,20,1.76,20,native_nominal,0.030549871742263188,30.54987174226319,30.54987174226319
20,U302.3,J301.4,source_trunk,20,1.76,20,width_minus_25um_copper_80pct,0.04027549114025833,40.27549114025833,40.27549114025833
20,U302.3,J301.4,source_trunk,20,1.76,25,native_nominal,0.030229451047815575,30.229451047815576,30.229451047815576
20,U302.3,J301.4,source_trunk,20,1.76,25,width_minus_25um_copper_80pct,0.039955070445810724,39.955070445810726,39.955070445810726
20,U302.3,J301.4,source_trunk,60,1.44,20,native_nominal,0.035034770028171194,35.034770028171195,35.034770028171195
20,U302.3,J301.4,source_trunk,60,1.44,20,width_minus_25um_copper_80pct,0.046289256795531177,46.28925679553117,46.28925679553117
20,U302.3,J301.4,source_trunk,60,1.44,25,native_nominal,0.0347313957146682,34.731395714668196,34.731395714668196
20,U302.3,J301.4,source_trunk,60,1.44,25,width_minus_25um_copper_80pct,0.04598588248202818,45.98588248202818,45.98588248202818
20,U302.3,J301.4,source_trunk,60,1.6,20,native_nominal,0.03519354080415908,35.193540804159085,35.193540804159085
20,U302.3,J301.4,source_trunk,60,1.6,20,width_minus_25um_copper_80pct,0.04644802757151906,46.448027571519056,46.448027571519056
20,U302.3,J301.4,source_trunk,60,1.6,25,native_nominal,0.034856458233600195,34.85645823360019,34.85645823360019
20,U302.3,J301.4,source_trunk,60,1.6,25,width_minus_25um_copper_80pct,0.04611094500096018,46.11094500096018,46.11094500096018
20,U302.3,J301.4,source_trunk,60,1.76,20,native_nominal,0.035352311580146956,35.35231158014695,35.35231158014695
20,U302.3,J301.4,source_trunk,60,1.76,20,width_minus_25um_copper_80pct,0.04660679834750694,46.60679834750694,46.60679834750694
20,U302.3,J301.4,source_trunk,60,1.76,25,native_nominal,0.034981520752532184,34.981520752532184,34.981520752532184
20,U302.3,J301.4,source_trunk,60,1.76,25,width_minus_25um_copper_80pct,0.04623600751989217,46.23600751989217,46.23600751989217
20,U302.3,J301.4,source_trunk,85,1.44,20,native_nominal,0.03800933462829893,38.00933462829893,38.00933462829893
20,U302.3,J301.4,source_trunk,85,1.44,20,width_minus_25um_copper_80pct,0.05021936350151193,50.219363501511936,50.219363501511936
20,U302.3,J301.4,source_trunk,85,1.44,25,native_nominal,0.037680202860335466,37.68020286033546,37.68020286033546
20,U302.3,J301.4,source_trunk,85,1.44,25,width_minus_25um_copper_80pct,0.049890231733548465,49.89023173354847,49.89023173354847
20,U302.3,J301.4,source_trunk,85,1.6,20,native_nominal,0.03818158555356163,38.18158555356163,38.18158555356163
20,U302.3,J301.4,source_trunk,85,1.6,20,width_minus_25um_copper_80pct,0.05039161442677463,50.39161442677463,50.39161442677463
20,U302.3,J301.4,source_trunk,85,1.6,25,native_nominal,0.03781588358915776,37.81588358915776,37.81588358915776
20,U302.3,J301.4,source_trunk,85,1.6,25,width_minus_25um_copper_80pct,0.05002591246237076,50.025912462370755,50.025912462370755
20,U302.3,J301.4,source_trunk,85,1.76,20,native_nominal,0.038353836478824316,38.35383647882431,38.35383647882431
20,U302.3,J301.4,source_trunk,85,1.76,20,width_minus_25um_copper_80pct,0.050563865352037315,50.56386535203732,50.56386535203732
20,U302.3,J301.4,source_trunk,85,1.76,25,native_nominal,0.037951564317980066,37.951564317980065,37.951564317980065
20,U302.3,J301.4,source_trunk,85,1.76,25,width_minus_25um_copper_80pct,0.050161593191193066,50.16159319119306,50.16159319119306
21,C204.1,U701.2,VOUT_branch,20,1.44,20,native_nominal,0.04295081550158504,42.95081550158504,42.95081550158504
21,C204.1,U701.2,VOUT_branch,20,1.44,20,width_minus_25um_copper_80pct,0.057069847354846374,57.069847354846374,57.069847354846374
21,C204.1,U701.2,VOUT_branch,20,1.44,25,native_nominal,0.042426490728852594,42.42649072885259,42.42649072885259
21,C204.1,U701.2,VOUT_branch,20,1.44,25,width_minus_25um_copper_80pct,0.05654552258211393,56.545522582113925,56.545522582113925
21,C204.1,U701.2,VOUT_branch,20,1.6,20,native_nominal,0.043225220575881414,43.225220575881416,43.225220575881416
21,C204.1,U701.2,VOUT_branch,20,1.6,20,width_minus_25um_copper_80pct,0.05734425242914275,57.34425242914275,57.34425242914275
21,C204.1,U701.2,VOUT_branch,20,1.6,25,native_nominal,0.042642637495067574,42.642637495067575,42.642637495067575
21,C204.1,U701.2,VOUT_branch,20,1.6,25,width_minus_25um_copper_80pct,0.05676166934832891,56.76166934832891,56.76166934832891
21,C204.1,U701.2,VOUT_branch,20,1.76,20,native_nominal,0.04349962565017778,43.49962565017778,43.49962565017778
21,C204.1,U701.2,VOUT_branch,20,1.76,20,width_minus_25um_copper_80pct,0.057618657503439114,57.61865750343912,57.61865750343912
21,C204.1,U701.2,VOUT_branch,20,1.76,25,native_nominal,0.04285878426128257,42.85878426128257,42.85878426128257
21,C204.1,U701.2,VOUT_branch,20,1.76,25,width_minus_25um_copper_80pct,0.0569778161145439,56.977816114543906,56.977816114543906
21,C204.1,U701.2,VOUT_branch,60,1.44,20,native_nominal,0.04970268369843421,49.702683698434214,49.702683698434214
21,C204.1,U701.2,VOUT_branch,60,1.44,20,width_minus_25um_copper_80pct,0.06604122735902823,66.04122735902823,66.04122735902823
21,C204.1,U701.2,VOUT_branch,60,1.44,25,native_nominal,0.04909593507142822,49.095935071428215,49.095935071428215
21,C204.1,U701.2,VOUT_branch,60,1.44,25,width_minus_25um_copper_80pct,0.06543447873202224,65.43447873202224,65.43447873202224
21,C204.1,U701.2,VOUT_branch,60,1.6,20,native_nominal,0.050020225250409965,50.020225250409965,50.020225250409965
21,C204.1,U701.2,VOUT_branch,60,1.6,20,width_minus_25um_copper_80pct,0.06635876891100399,66.35876891100399,66.35876891100399
21,C204.1,U701.2,VOUT_branch,60,1.6,25,native_nominal,0.0493460601092922,49.346060109292196,49.346060109292196
21,C204.1,U701.2,VOUT_branch,60,1.6,25,width_minus_25um_copper_80pct,0.06568460376988622,65.68460376988622,65.68460376988622
21,C204.1,U701.2,VOUT_branch,60,1.76,20,native_nominal,0.050337766802385726,50.33776680238573,50.33776680238573
21,C204.1,U701.2,VOUT_branch,60,1.76,20,width_minus_25um_copper_80pct,0.06667631046297975,66.67631046297976,66.67631046297976
21,C204.1,U701.2,VOUT_branch,60,1.76,25,native_nominal,0.04959618514715618,49.59618514715618,49.59618514715618
21,C204.1,U701.2,VOUT_branch,60,1.76,25,width_minus_25um_copper_80pct,0.0659347288077502,65.9347288077502,65.9347288077502
21,C204.1,U701.2,VOUT_branch,85,1.44,20,native_nominal,0.05392260132146494,53.92260132146494,53.92260132146494
21,C204.1,U701.2,VOUT_branch,85,1.44,20,width_minus_25um_copper_80pct,0.07164833986164187,71.64833986164187,71.64833986164187
21,C204.1,U701.2,VOUT_branch,85,1.44,25,native_nominal,0.053264337785537984,53.26433778553798,53.26433778553798
21,C204.1,U701.2,VOUT_branch,85,1.44,25,width_minus_25um_copper_80pct,0.07099007632571493,70.99007632571492,70.99007632571492
21,C204.1,U701.2,VOUT_branch,85,1.6,20,native_nominal,0.054267103171990315,54.267103171990314,54.267103171990314
21,C204.1,U701.2,VOUT_branch,85,1.6,20,width_minus_25um_copper_80pct,0.07199284171216726,71.99284171216726,71.99284171216726
21,C204.1,U701.2,VOUT_branch,85,1.6,25,native_nominal,0.053535699243182584,53.535699243182584,53.535699243182584
21,C204.1,U701.2,VOUT_branch,85,1.6,25,width_minus_25um_copper_80pct,0.07126143778335953,71.26143778335953,71.26143778335953
21,C204.1,U701.2,VOUT_branch,85,1.76,20,native_nominal,0.054611605022515705,54.611605022515704,54.611605022515704
21,C204.1,U701.2,VOUT_branch,85,1.76,20,width_minus_25um_copper_80pct,0.07233734356269264,72.33734356269264,72.33734356269264
21,C204.1,U701.2,VOUT_branch,85,1.76,25,native_nominal,0.0538070607008272,53.8070607008272,53.8070607008272
21,C204.1,U701.2,VOUT_branch,85,1.76,25,width_minus_25um_copper_80pct,0.07153279924100414,71.53279924100414,71.53279924100414
22,C204.1,U501.1,VOUT_branch,20,1.44,20,native_nominal,0.03690765290845089,36.90765290845089,36.90765290845089
22,C204.1,U501.1,VOUT_branch,20,1.44,20,width_minus_25um_copper_80pct,0.0483466861586525,48.3466861586525,48.3466861586525
22,C204.1,U501.1,VOUT_branch,20,1.44,25,native_nominal,0.03638332813571845,36.38332813571845,36.38332813571845
22,C204.1,U501.1,VOUT_branch,20,1.44,25,width_minus_25um_copper_80pct,0.047822361385920054,47.822361385920054,47.822361385920054
22,C204.1,U501.1,VOUT_branch,20,1.6,20,native_nominal,0.03718205798274727,37.18205798274727,37.18205798274727
22,C204.1,U501.1,VOUT_branch,20,1.6,20,width_minus_25um_copper_80pct,0.048621091232948874,48.62109123294887,48.62109123294887
22,C204.1,U501.1,VOUT_branch,20,1.6,25,native_nominal,0.03659947490193343,36.599474901933434,36.599474901933434
22,C204.1,U501.1,VOUT_branch,20,1.6,25,width_minus_25um_copper_80pct,0.048038508152135034,48.03850815213504,48.03850815213504
22,C204.1,U501.1,VOUT_branch,20,1.76,20,native_nominal,0.037456463057043636,37.456463057043635,37.456463057043635
22,C204.1,U501.1,VOUT_branch,20,1.76,20,width_minus_25um_copper_80pct,0.04889549630724524,48.89549630724524,48.89549630724524
22,C204.1,U501.1,VOUT_branch,20,1.76,25,native_nominal,0.036815621668148425,36.815621668148424,36.815621668148424
22,C204.1,U501.1,VOUT_branch,20,1.76,25,width_minus_25um_copper_80pct,0.04825465491835003,48.25465491835003,48.25465491835003
22,C204.1,U501.1,VOUT_branch,60,1.44,20,native_nominal,0.04270953594565938,42.709535945659375,42.709535945659375
22,C204.1,U501.1,VOUT_branch,60,1.44,20,width_minus_25um_copper_80pct,0.05594678522279268,55.94678522279268,55.94678522279268
22,C204.1,U501.1,VOUT_branch,60,1.44,25,native_nominal,0.042102787318653384,42.102787318653384,42.102787318653384
22,C204.1,U501.1,VOUT_branch,60,1.44,25,width_minus_25um_copper_80pct,0.055340036595786686,55.340036595786685,55.340036595786685
22,C204.1,U501.1,VOUT_branch,60,1.6,20,native_nominal,0.04302707749763513,43.02707749763513,43.02707749763513
22,C204.1,U501.1,VOUT_branch,60,1.6,20,width_minus_25um_copper_80pct,0.05626432677476843,56.264326774768435,56.264326774768435
22,C204.1,U501.1,VOUT_branch,60,1.6,25,native_nominal,0.042352912356517364,42.352912356517365,42.352912356517365
22,C204.1,U501.1,VOUT_branch,60,1.6,25,width_minus_25um_copper_80pct,0.055590161633650666,55.590161633650666,55.590161633650666
22,C204.1,U501.1,VOUT_branch,60,1.76,20,native_nominal,0.04334461904961089,43.34461904961089,43.34461904961089
22,C204.1,U501.1,VOUT_branch,60,1.76,20,width_minus_25um_copper_80pct,0.0565818683267442,56.5818683267442,56.5818683267442
22,C204.1,U501.1,VOUT_branch,60,1.76,25,native_nominal,0.04260303739438134,42.603037394381346,42.603037394381346
22,C204.1,U501.1,VOUT_branch,60,1.76,25,width_minus_25um_copper_80pct,0.055840286671514645,55.84028667151465,55.84028667151465
22,C204.1,U501.1,VOUT_branch,85,1.44,20,native_nominal,0.046335712843914675,46.33571284391468,46.33571284391468
22,C204.1,U501.1,VOUT_branch,85,1.44,20,width_minus_25um_copper_80pct,0.060696847137880296,60.6968471378803,60.6968471378803
22,C204.1,U501.1,VOUT_branch,85,1.44,25,native_nominal,0.04567744930798772,45.67744930798772,45.67744930798772
22,C204.1,U501.1,VOUT_branch,85,1.44,25,width_minus_25um_copper_80pct,0.06003858360195334,60.03858360195334,60.03858360195334
22,C204.1,U501.1,VOUT_branch,85,1.6,20,native_nominal,0.04668021469444005,46.68021469444005,46.68021469444005
22,C204.1,U501.1,VOUT_branch,85,1.6,20,width_minus_25um_copper_80pct,0.06104134898840567,61.04134898840567,61.04134898840567
22,C204.1,U501.1,VOUT_branch,85,1.6,25,native_nominal,0.04594881076563233,45.94881076563233,45.94881076563233
22,C204.1,U501.1,VOUT_branch,85,1.6,25,width_minus_25um_copper_80pct,0.06030994505959795,60.30994505959795,60.30994505959795
22,C204.1,U501.1,VOUT_branch,85,1.76,20,native_nominal,0.04702471654496544,47.02471654496544,47.02471654496544
22,C204.1,U501.1,VOUT_branch,85,1.76,20,width_minus_25um_copper_80pct,0.06138585083893105,61.38585083893105,61.38585083893105
22,C204.1,U501.1,VOUT_branch,85,1.76,25,native_nominal,0.04622017222327694,46.22017222327694,46.22017222327694
22,C204.1,U501.1,VOUT_branch,85,1.76,25,width_minus_25um_copper_80pct,0.06058130651724255,60.581306517242545,60.581306517242545
23,C204.1,U702.1,VOUT_branch,20,1.44,20,native_nominal,0.04257638718715084,42.576387187150836,42.576387187150836
23,C204.1,U702.1,VOUT_branch,20,1.44,20,width_minus_25um_copper_80pct,0.05590499853025242,55.90499853025242,55.90499853025242
23,C204.1,U702.1,VOUT_branch,20,1.44,25,native_nominal,0.04205206241441839,42.05206241441839,42.05206241441839
23,C204.1,U702.1,VOUT_branch,20,1.44,25,width_minus_25um_copper_80pct,0.05538067375751997,55.38067375751997,55.38067375751997
23,C204.1,U702.1,VOUT_branch,20,1.6,20,native_nominal,0.04285079226144721,42.85079226144721,42.85079226144721
23,C204.1,U702.1,VOUT_branch,20,1.6,20,width_minus_25um_copper_80pct,0.05617940360454879,56.17940360454879,56.17940360454879
23,C204.1,U702.1,VOUT_branch,20,1.6,25,native_nominal,0.04226820918063337,42.26820918063337,42.26820918063337
23,C204.1,U702.1,VOUT_branch,20,1.6,25,width_minus_25um_copper_80pct,0.05559682052373495,55.59682052373495,55.59682052373495
23,C204.1,U702.1,VOUT_branch,20,1.76,20,native_nominal,0.043125197335743576,43.12519733574358,43.12519733574358
23,C204.1,U702.1,VOUT_branch,20,1.76,20,width_minus_25um_copper_80pct,0.056453808678845155,56.45380867884516,56.45380867884516
23,C204.1,U702.1,VOUT_branch,20,1.76,25,native_nominal,0.042484355946848365,42.48435594684837,42.48435594684837
23,C204.1,U702.1,VOUT_branch,20,1.76,25,width_minus_25um_copper_80pct,0.055812967289949944,55.812967289949945,55.812967289949945
23,C204.1,U702.1,VOUT_branch,60,1.44,20,native_nominal,0.04926939525297095,49.26939525297095,49.26939525297095
23,C204.1,U702.1,VOUT_branch,60,1.44,20,width_minus_25um_copper_80pct,0.0646932642992081,64.69326429920811,64.69326429920811
23,C204.1,U702.1,VOUT_branch,60,1.44,25,native_nominal,0.04866264662596496,48.66264662596496,48.66264662596496
23,C204.1,U702.1,VOUT_branch,60,1.44,25,width_minus_25um_copper_80pct,0.06408651567220211,64.08651567220211,64.08651567220211
23,C204.1,U702.1,VOUT_branch,60,1.6,20,native_nominal,0.0495869368049467,49.586936804946696,49.586936804946696
23,C204.1,U702.1,VOUT_branch,60,1.6,20,width_minus_25um_copper_80pct,0.06501080585118386,65.01080585118386,65.01080585118386
23,C204.1,U702.1,VOUT_branch,60,1.6,25,native_nominal,0.04891277166382894,48.912771663828934,48.912771663828934
23,C204.1,U702.1,VOUT_branch,60,1.6,25,width_minus_25um_copper_80pct,0.06433664071006609,64.33664071006609,64.33664071006609
23,C204.1,U702.1,VOUT_branch,60,1.76,20,native_nominal,0.04990447835692246,49.90447835692246,49.90447835692246
23,C204.1,U702.1,VOUT_branch,60,1.76,20,width_minus_25um_copper_80pct,0.06532834740315963,65.32834740315963,65.32834740315963
23,C204.1,U702.1,VOUT_branch,60,1.76,25,native_nominal,0.04916289670169292,49.162896701692915,49.162896701692915
23,C204.1,U702.1,VOUT_branch,60,1.76,25,width_minus_25um_copper_80pct,0.06458676574793007,64.58676574793007,64.58676574793007
23,C204.1,U702.1,VOUT_branch,85,1.44,20,native_nominal,0.053452525294108516,53.45252529410852,53.45252529410852
23,C204.1,U702.1,VOUT_branch,85,1.44,20,width_minus_25um_copper_80pct,0.0701859304048054,70.1859304048054,70.1859304048054
23,C204.1,U702.1,VOUT_branch,85,1.44,25,native_nominal,0.052794261758181554,52.794261758181555,52.794261758181555
23,C204.1,U702.1,VOUT_branch,85,1.44,25,width_minus_25um_copper_80pct,0.06952766686887844,69.52766686887844,69.52766686887844
23,C204.1,U702.1,VOUT_branch,85,1.6,20,native_nominal,0.053797027144633885,53.79702714463389,53.79702714463389
23,C204.1,U702.1,VOUT_branch,85,1.6,20,width_minus_25um_copper_80pct,0.07053043225533079,70.5304322553308,70.5304322553308
23,C204.1,U702.1,VOUT_branch,85,1.6,25,native_nominal,0.053065623215826155,53.06562321582616,53.06562321582616
23,C204.1,U702.1,VOUT_branch,85,1.6,25,width_minus_25um_copper_80pct,0.06979902832652306,69.79902832652306,69.79902832652306
23,C204.1,U702.1,VOUT_branch,85,1.76,20,native_nominal,0.05414152899515928,54.141528995159284,54.141528995159284
23,C204.1,U702.1,VOUT_branch,85,1.76,20,width_minus_25um_copper_80pct,0.07087493410585616,70.87493410585616,70.87493410585616
23,C204.1,U702.1,VOUT_branch,85,1.76,25,native_nominal,0.05333698467347077,53.336984673470766,53.336984673470766
23,C204.1,U702.1,VOUT_branch,85,1.76,25,width_minus_25um_copper_80pct,0.07007038978416766,70.07038978416766,70.07038978416766
24,J102.1,U101.13,battery_trunk,20,1.44,20,native_nominal,0.025806825705421393,25.806825705421392,25.806825705421392
24,J102.1,U101.13,battery_trunk,20,1.44,20,width_minus_25um_copper_80pct,0.03342564748299231,33.42564748299231,33.42564748299231
24,J102.1,U101.13,battery_trunk,20,1.44,25,native_nominal,0.025153511358603612,25.153511358603613,25.153511358603613
24,J102.1,U101.13,battery_trunk,20,1.44,25,width_minus_25um_copper_80pct,0.032772333136174524,32.772333136174524,32.772333136174524
24,J102.1,U101.13,battery_trunk,20,1.6,20,native_nominal,0.026143595569330578,26.14359556933058,26.14359556933058
24,J102.1,U101.13,battery_trunk,20,1.6,20,width_minus_25um_copper_80pct,0.03376241734690149,33.762417346901486,33.762417346901486
24,J102.1,U101.13,battery_trunk,20,1.6,25,native_nominal,0.025417690739533042,25.417690739533043,25.417690739533043
24,J102.1,U101.13,battery_trunk,20,1.6,25,width_minus_25um_copper_80pct,0.033036512517103954,33.03651251710395,33.03651251710395
24,J102.1,U101.13,battery_trunk,20,1.76,20,native_nominal,0.02648036543323976,26.480365433239758,26.480365433239758
24,J102.1,U101.13,battery_trunk,20,1.76,20,width_minus_25um_copper_80pct,0.03409918721081068,34.099187210810676,34.099187210810676
24,J102.1,U101.13,battery_trunk,20,1.76,25,native_nominal,0.025681870120462472,25.681870120462474,25.681870120462474
24,J102.1,U101.13,battery_trunk,20,1.76,25,width_minus_25um_copper_80pct,0.033300691898033384,33.300691898033385,33.300691898033385
24,J102.1,U101.13,battery_trunk,60,1.44,20,native_nominal,0.029863658706313634,29.863658706313633,29.863658706313633
24,J102.1,U101.13,battery_trunk,60,1.44,20,width_minus_25um_copper_80pct,0.038680159267318694,38.68015926731869,38.68015926731869
24,J102.1,U101.13,battery_trunk,60,1.44,25,native_nominal,0.029107643344176103,29.107643344176104,29.107643344176104
24,J102.1,U101.13,battery_trunk,60,1.44,25,width_minus_25um_copper_80pct,0.03792414390518116,37.92414390518116,37.92414390518116
24,J102.1,U101.13,battery_trunk,60,1.6,20,native_nominal,0.030253368792829343,30.25336879282934,30.25336879282934
24,J102.1,U101.13,battery_trunk,60,1.6,20,width_minus_25um_copper_80pct,0.0390698693538344,39.0698693538344,39.0698693538344
24,J102.1,U101.13,battery_trunk,60,1.6,25,native_nominal,0.029413351723787638,29.41335172378764,29.41335172378764
24,J102.1,U101.13,battery_trunk,60,1.6,25,width_minus_25um_copper_80pct,0.03822985228479269,38.22985228479269,38.22985228479269
24,J102.1,U101.13,battery_trunk,60,1.76,20,native_nominal,0.03064307887934505,30.643078879345047,30.643078879345047
24,J102.1,U101.13,battery_trunk,60,1.76,20,width_minus_25um_copper_80pct,0.03945957944035011,39.45957944035011,39.45957944035011
24,J102.1,U101.13,battery_trunk,60,1.76,25,native_nominal,0.029719060103399173,29.719060103399173,29.719060103399173
24,J102.1,U101.13,battery_trunk,60,1.76,25,width_minus_25um_copper_80pct,0.038535560664404236,38.53556066440424,38.53556066440424
24,J102.1,U101.13,battery_trunk,85,1.44,20,native_nominal,0.03239917933187129,32.39917933187129,32.39917933187129
24,J102.1,U101.13,battery_trunk,85,1.44,20,width_minus_25um_copper_80pct,0.04196422913252269,41.964229132522696,41.964229132522696
24,J102.1,U101.13,battery_trunk,85,1.44,25,native_nominal,0.03157897583515891,31.57897583515891,31.57897583515891
24,J102.1,U101.13,battery_trunk,85,1.44,25,width_minus_25um_copper_80pct,0.04114402563581031,41.14402563581031,41.14402563581031
24,J102.1,U101.13,battery_trunk,85,1.6,20,native_nominal,0.03282197705751607,32.82197705751607,32.82197705751607
24,J102.1,U101.13,battery_trunk,85,1.6,20,width_minus_25um_copper_80pct,0.042387026858167476,42.387026858167474,42.387026858167474
24,J102.1,U101.13,battery_trunk,85,1.6,25,native_nominal,0.031910639838946764,31.910639838946764,31.910639838946764
24,J102.1,U101.13,battery_trunk,85,1.6,25,width_minus_25um_copper_80pct,0.04147568963959816,41.475689639598166,41.475689639598166
24,J102.1,U101.13,battery_trunk,85,1.76,20,native_nominal,0.03324477478316086,33.244774783160864,33.244774783160864
24,J102.1,U101.13,battery_trunk,85,1.76,20,width_minus_25um_copper_80pct,0.04280982458381226,42.80982458381226,42.80982458381226
24,J102.1,U101.13,battery_trunk,85,1.76,25,native_nominal,0.03224230384273461,32.242303842734614,32.242303842734614
24,J102.1,U101.13,battery_trunk,85,1.76,25,width_minus_25um_copper_80pct,0.04180735364338602,41.807353643386016,41.807353643386016
25,J102.1,U101.14,battery_trunk,20,1.44,20,native_nominal,0.02679125983299618,26.79125983299618,26.79125983299618
25,J102.1,U101.14,battery_trunk,20,1.44,20,width_minus_25um_copper_80pct,0.03479279567748172,34.79279567748172,34.79279567748172
25,J102.1,U101.14,battery_trunk,20,1.44,25,native_nominal,0.0261379454861784,26.1379454861784,26.1379454861784
25,J102.1,U101.14,battery_trunk,20,1.44,25,width_minus_25um_copper_80pct,0.03413948133066393,34.13948133066393,34.13948133066393
25,J102.1,U101.14,battery_trunk,20,1.6,20,native_nominal,0.027128029696905365,27.128029696905365,27.128029696905365
25,J102.1,U101.14,battery_trunk,20,1.6,20,width_minus_25um_copper_80pct,0.0351295655413909,35.129565541390896,35.129565541390896
25,J102.1,U101.14,battery_trunk,20,1.6,25,native_nominal,0.02640212486710783,26.40212486710783,26.40212486710783
25,J102.1,U101.14,battery_trunk,20,1.6,25,width_minus_25um_copper_80pct,0.03440366071159336,34.40366071159336,34.40366071159336
25,J102.1,U101.14,battery_trunk,20,1.76,20,native_nominal,0.027464799560814546,27.464799560814544,27.464799560814544
25,J102.1,U101.14,battery_trunk,20,1.76,20,width_minus_25um_copper_80pct,0.03546633540530009,35.466335405300086,35.466335405300086
25,J102.1,U101.14,battery_trunk,20,1.76,25,native_nominal,0.02666630424803726,26.66630424803726,26.66630424803726
25,J102.1,U101.14,battery_trunk,20,1.76,25,width_minus_25um_copper_80pct,0.03466784009252279,34.667840092522795,34.667840092522795
25,J102.1,U101.14,battery_trunk,60,1.44,20,native_nominal,0.031002845878743177,31.002845878743177,31.002845878743177
25,J102.1,U101.14,battery_trunk,60,1.44,20,width_minus_25um_copper_80pct,0.040262223157981836,40.262223157981836,40.262223157981836
25,J102.1,U101.14,battery_trunk,60,1.44,25,native_nominal,0.030246830516605646,30.246830516605645,30.246830516605645
25,J102.1,U101.14,battery_trunk,60,1.44,25,width_minus_25um_copper_80pct,0.0395062077958443,39.506207795844304,39.506207795844304
25,J102.1,U101.14,battery_trunk,60,1.6,20,native_nominal,0.03139255596525889,31.39255596525889,31.39255596525889
25,J102.1,U101.14,battery_trunk,60,1.6,20,width_minus_25um_copper_80pct,0.04065193324449754,40.65193324449754,40.65193324449754
25,J102.1,U101.14,battery_trunk,60,1.6,25,native_nominal,0.03055253889621718,30.552538896217182,30.552538896217182
25,J102.1,U101.14,battery_trunk,60,1.6,25,width_minus_25um_copper_80pct,0.03981191617545583,39.811916175455835,39.811916175455835
25,J102.1,U101.14,battery_trunk,60,1.76,20,native_nominal,0.031782266051774595,31.782266051774595,31.782266051774595
25,J102.1,U101.14,battery_trunk,60,1.76,20,width_minus_25um_copper_80pct,0.041041643331013254,41.041643331013255,41.041643331013255
25,J102.1,U101.14,battery_trunk,60,1.76,25,native_nominal,0.030858247275828716,30.858247275828717,30.858247275828717
25,J102.1,U101.14,battery_trunk,60,1.76,25,width_minus_25um_copper_80pct,0.04011762455506738,40.11762455506738,40.11762455506738
25,J102.1,U101.14,battery_trunk,85,1.44,20,native_nominal,0.033635087157335056,33.63508715733506,33.63508715733506
25,J102.1,U101.14,battery_trunk,85,1.44,20,width_minus_25um_copper_80pct,0.04368061533329442,43.68061533329442,43.68061533329442
25,J102.1,U101.14,battery_trunk,85,1.44,25,native_nominal,0.03281488366062268,32.81488366062268,32.81488366062268
25,J102.1,U101.14,battery_trunk,85,1.44,25,width_minus_25um_copper_80pct,0.042860411836582034,42.86041183658203,42.86041183658203
25,J102.1,U101.14,battery_trunk,85,1.6,20,native_nominal,0.03405788488297984,34.05788488297984,34.05788488297984
25,J102.1,U101.14,battery_trunk,85,1.6,20,width_minus_25um_copper_80pct,0.0441034130589392,44.1034130589392,44.1034130589392
25,J102.1,U101.14,battery_trunk,85,1.6,25,native_nominal,0.03314654766441053,33.146547664410534,33.146547664410534
25,J102.1,U101.14,battery_trunk,85,1.6,25,width_minus_25um_copper_80pct,0.04319207584036989,43.19207584036989,43.19207584036989
25,J102.1,U101.14,battery_trunk,85,1.76,20,native_nominal,0.03448068260862463,34.480682608624626,34.480682608624626
25,J102.1,U101.14,battery_trunk,85,1.76,20,width_minus_25um_copper_80pct,0.044526210784583985,44.52621078458399,44.52621078458399
25,J102.1,U101.14,battery_trunk,85,1.76,25,native_nominal,0.03347821166819838,33.47821166819838,33.47821166819838
25,J102.1,U101.14,battery_trunk,85,1.76,25,width_minus_25um_copper_80pct,0.04352373984415774,43.523739844157745,43.523739844157745
