board,reference,quantity,source_value,footprint,proposed_manufacturer,proposed_order_code,assembly,qualification,primary_source,release_blocker,supplier_stock,DNP
Main,C101,1,1u / 16V X7R / 10%,Capacitor_SMD:C_0603_1608Metric,KEMET / YAGEO,C0603C105K4RACTU,user SMT/THT after factory inspection,manufacturer part selected in native schematic; source/package evidence archived,https://search.kemet.com/component-documentation/download/specsheet/C0603C105K4RACTU,"Supplier/JLC assembly quotation and final routing/assembly process acceptance; effective-capacitance evidence is typical-curve engineering estimate, physical stability/inrush tests pending",not quoted,False
Main,C102,1,22u / 16V X7R / 20%,Capacitor_SMD:C_1210_3225Metric,TDK,C3225X7R1C226M250AC,user SMT/THT after factory inspection,manufacturer part selected in native schematic; source/package evidence archived,https://product.tdk.com/en/search/capacitor/ceramic/mlcc/info?part_no=C3225X7R1C226M250AC,"Supplier/JLC assembly quotation and final routing/assembly process acceptance; effective-capacitance evidence is typical-curve engineering estimate, physical stability/inrush tests pending",not quoted,False
Main,C103,1,47n / 50V X7R / 10%,Capacitor_SMD:C_0805_2012Metric,KEMET / YAGEO,C0805C473K5RACTU,user SMT/THT after factory inspection,manufacturer part selected in native schematic; source/package evidence archived,https://search.kemet.com/component-documentation/download/specsheet/C0805C473K5RACTU,"Supplier/JLC assembly quotation and final routing/assembly process acceptance; effective-capacitance evidence is typical-curve engineering estimate, physical stability/inrush tests pending",not quoted,False
Main,C104,1,22u / 16V X7R / 20%,Capacitor_SMD:C_1210_3225Metric,TDK,C3225X7R1C226M250AC,user SMT/THT after factory inspection,manufacturer part selected in native schematic; source/package evidence archived,https://product.tdk.com/en/search/capacitor/ceramic/mlcc/info?part_no=C3225X7R1C226M250AC,"Supplier/JLC assembly quotation and final routing/assembly process acceptance; effective-capacitance evidence is typical-curve engineering estimate, physical stability/inrush tests pending",not quoted,False
Main,C105,1,22u / 16V X7R / 20%,Capacitor_SMD:C_1210_3225Metric,TDK,C3225X7R1C226M250AC,user SMT/THT after factory inspection,manufacturer part selected in native schematic; source/package evidence archived,https://product.tdk.com/en/search/capacitor/ceramic/mlcc/info?part_no=C3225X7R1C226M250AC,"Supplier/JLC assembly quotation and final routing/assembly process acceptance; effective-capacitance evidence is typical-curve engineering estimate, physical stability/inrush tests pending",not quoted,False
Main,C106,1,22u / 25V X5R / 20%,Capacitor_SMD:C_1206_3216Metric,TDK,C3216X5R1E226M160AB,user SMT/THT after factory inspection,manufacturer part selected in native schematic; source/package evidence archived,https://product.tdk.com/en/search/capacitor/ceramic/mlcc/info?part_no=C3216X5R1E226M160AB,"Supplier/JLC assembly quotation and final routing/assembly process acceptance; effective-capacitance evidence is typical-curve engineering estimate, physical stability/inrush tests pending",not quoted,False
Main,C107,1,22u / 25V X5R / 20%,Capacitor_SMD:C_1206_3216Metric,TDK,C3216X5R1E226M160AB,user SMT/THT after factory inspection,manufacturer part selected in native schematic; source/package evidence archived,https://product.tdk.com/en/search/capacitor/ceramic/mlcc/info?part_no=C3216X5R1E226M160AB,"Supplier/JLC assembly quotation and final routing/assembly process acceptance; effective-capacitance evidence is typical-curve engineering estimate, physical stability/inrush tests pending",not quoted,False
Main,C108,1,4.7u / 16V X5R / 10%,Capacitor_SMD:C_0603_1608Metric,TDK,C1608X5R1C475K080AC,user SMT/THT after factory inspection,manufacturer part selected in native schematic; source/package evidence archived,https://product.tdk.com/en/search/capacitor/ceramic/mlcc/info?part_no=C1608X5R1C475K080AC,"Supplier/JLC assembly quotation and final routing/assembly process acceptance; effective-capacitance evidence is typical-curve engineering estimate, physical stability/inrush tests pending",not quoted,False
Main,C110,1,100n / 50V X7R / 10%,Capacitor_SMD:C_0603_1608Metric,TDK,C1608X7R1H104K080AA,user SMT/THT after factory inspection,manufacturer part selected in native schematic; source/package evidence archived,https://product.tdk.com/en/search/capacitor/ceramic/mlcc/info?part_no=C1608X7R1H104K080AA,"Supplier/JLC assembly quotation and final routing/assembly process acceptance; effective-capacitance evidence is typical-curve engineering estimate, physical stability/inrush tests pending",not quoted,False
Main,C111,1,100n / 50V X7R / 10%,Capacitor_SMD:C_0603_1608Metric,TDK,C1608X7R1H104K080AA,user SMT/THT after factory inspection,manufacturer part selected in native schematic; source/package evidence archived,https://product.tdk.com/en/search/capacitor/ceramic/mlcc/info?part_no=C1608X7R1H104K080AA,"Supplier/JLC assembly quotation and final routing/assembly process acceptance; effective-capacitance evidence is typical-curve engineering estimate, physical stability/inrush tests pending",not quoted,False
Main,C112,1,100n / 50V X7R / 10%,Capacitor_SMD:C_0603_1608Metric,TDK,C1608X7R1H104K080AA,user SMT/THT after factory inspection,manufacturer part selected in native schematic; source/package evidence archived,https://product.tdk.com/en/search/capacitor/ceramic/mlcc/info?part_no=C1608X7R1H104K080AA,"Supplier/JLC assembly quotation and final routing/assembly process acceptance; effective-capacitance evidence is typical-curve engineering estimate, physical stability/inrush tests pending",not quoted,False
Main,C113,1,100n / 50V X7R / 10%,Capacitor_SMD:C_0603_1608Metric,TDK,C1608X7R1H104K080AA,user SMT/THT after factory inspection,manufacturer part selected in native schematic; source/package evidence archived,https://product.tdk.com/en/search/capacitor/ceramic/mlcc/info?part_no=C1608X7R1H104K080AA,"Supplier/JLC assembly quotation and final routing/assembly process acceptance; effective-capacitance evidence is typical-curve engineering estimate, physical stability/inrush tests pending",not quoted,False
Main,C114,1,4.7u / 25V X7R / 10%,Capacitor_SMD:C_1206_3216Metric,TDK,C3216X7R1E475K160AC,user SMT/THT after factory inspection,manufacturer part selected in native schematic; source/package evidence archived,https://product.tdk.cn/system/files/dam/doc/product/capacitor/ceramic/mlcc/charasheet/c3216x7r1e475k160ac.pdf,"Supplier/JLC assembly quotation and final routing/assembly process acceptance; effective-capacitance evidence is typical-curve engineering estimate, physical stability/inrush tests pending",not quoted,False
Main,C115,1,100n / 50V X7R,Capacitor_SMD:C_0603_1608Metric,TDK,C1608X7R1H104K080AA,user SMT/THT after factory inspection,manufacturer part selected in native schematic; source/package evidence archived,https://product.tdk.com/en/search/capacitor/ceramic/mlcc/info?part_no=C1608X7R1H104K080AA,"Supplier/JLC assembly quotation and final routing/assembly process acceptance; effective-capacitance evidence is typical-curve engineering estimate, physical stability/inrush tests pending",not quoted,False
Main,C116,1,3.3n / 50V C0G / 5%,Capacitor_SMD:C_0603_1608Metric,TDK,C1608C0G1H332J080AA,user SMT/THT after factory inspection,manufacturer part selected in native schematic; source/package evidence archived,https://product.tdk.com/en/search/capacitor/ceramic/mlcc/info?part_no=C1608C0G1H332J080AA,"Supplier/JLC assembly quotation and final routing/assembly process acceptance; effective-capacitance evidence is typical-curve engineering estimate, physical stability/inrush tests pending",not quoted,False
Main,C201,1,22u / 25V X5R / 20%,Capacitor_SMD:C_1206_3216Metric,TDK,C3216X5R1E226M160AB,user SMT/THT after factory inspection,manufacturer part selected in native schematic; source/package evidence archived,https://product.tdk.com/en/search/capacitor/ceramic/mlcc/info?part_no=C3216X5R1E226M160AB,"Supplier/JLC assembly quotation and final routing/assembly process acceptance; effective-capacitance evidence is typical-curve engineering estimate, physical stability/inrush tests pending",not quoted,False
Main,C202,1,22u / 25V X5R / 20%,Capacitor_SMD:C_1206_3216Metric,TDK,C3216X5R1E226M160AB,user SMT/THT after factory inspection,manufacturer part selected in native schematic; source/package evidence archived,https://product.tdk.com/en/search/capacitor/ceramic/mlcc/info?part_no=C3216X5R1E226M160AB,"Supplier/JLC assembly quotation and final routing/assembly process acceptance; effective-capacitance evidence is typical-curve engineering estimate, physical stability/inrush tests pending",not quoted,False
Main,C203,1,100n / 50V X7R / 10%,Capacitor_SMD:C_0603_1608Metric,TDK,C1608X7R1H104K080AA,user SMT/THT after factory inspection,manufacturer part selected in native schematic; source/package evidence archived,https://product.tdk.com/en/search/capacitor/ceramic/mlcc/info?part_no=C1608X7R1H104K080AA,"Supplier/JLC assembly quotation and final routing/assembly process acceptance; effective-capacitance evidence is typical-curve engineering estimate, physical stability/inrush tests pending",not quoted,False
Main,C204,1,22u / 16V X7R / 20%,Capacitor_SMD:C_1210_3225Metric,TDK,C3225X7R1C226M250AC,user SMT/THT after factory inspection,manufacturer part selected in native schematic; source/package evidence archived,https://product.tdk.com/en/search/capacitor/ceramic/mlcc/info?part_no=C3225X7R1C226M250AC,"Supplier/JLC assembly quotation and final routing/assembly process acceptance; effective-capacitance evidence is typical-curve engineering estimate, physical stability/inrush tests pending",not quoted,False
Main,C205,1,22u / 16V X7R / 20%,Capacitor_SMD:C_1210_3225Metric,TDK,C3225X7R1C226M250AC,user SMT/THT after factory inspection,manufacturer part selected in native schematic; source/package evidence archived,https://product.tdk.com/en/search/capacitor/ceramic/mlcc/info?part_no=C3225X7R1C226M250AC,"Supplier/JLC assembly quotation and final routing/assembly process acceptance; effective-capacitance evidence is typical-curve engineering estimate, physical stability/inrush tests pending",not quoted,False
Main,C206,1,22u / 16V X7R / 20%,Capacitor_SMD:C_1210_3225Metric,TDK,C3225X7R1C226M250AC,user SMT/THT after factory inspection,manufacturer part selected in native schematic; source/package evidence archived,https://product.tdk.com/en/search/capacitor/ceramic/mlcc/info?part_no=C3225X7R1C226M250AC,"Supplier/JLC assembly quotation and final routing/assembly process acceptance; effective-capacitance evidence is typical-curve engineering estimate, physical stability/inrush tests pending",not quoted,False
Main,C301,1,100n / 50V X7R / 10%,Capacitor_SMD:C_0805_2012Metric,KEMET / YAGEO,C0805C104K5RACTU,user SMT/THT after factory inspection,manufacturer part selected in native schematic; source/package evidence archived,https://search.kemet.com/component-documentation/download/specsheet/C0805C104K5RACTU,"Supplier/JLC assembly quotation and final routing/assembly process acceptance; effective-capacitance evidence is typical-curve engineering estimate, physical stability/inrush tests pending",not quoted,False
Main,C302,1,4.7u / 16V X5R / 10%,Capacitor_SMD:C_0603_1608Metric,TDK,C1608X5R1C475K080AC,user SMT/THT after factory inspection,manufacturer part selected in native schematic; source/package evidence archived,https://product.tdk.com/en/search/capacitor/ceramic/mlcc/info?part_no=C1608X5R1C475K080AC,"Supplier/JLC assembly quotation and final routing/assembly process acceptance; effective-capacitance evidence is typical-curve engineering estimate, physical stability/inrush tests pending",not quoted,False
Main,C303,1,4.7u / 16V X5R / 10%,Capacitor_SMD:C_0603_1608Metric,TDK,C1608X5R1C475K080AC,user SMT/THT after factory inspection,manufacturer part selected in native schematic; source/package evidence archived,https://product.tdk.com/en/search/capacitor/ceramic/mlcc/info?part_no=C1608X5R1C475K080AC,"Supplier/JLC assembly quotation and final routing/assembly process acceptance; effective-capacitance evidence is typical-curve engineering estimate, physical stability/inrush tests pending",not quoted,False
Main,C401,1,1u / 16V X7R / 10%,Capacitor_SMD:C_0603_1608Metric,KEMET / YAGEO,C0603C105K4RACTU,user SMT/THT after factory inspection,manufacturer part selected in native schematic; source/package evidence archived,https://search.kemet.com/component-documentation/download/specsheet/C0603C105K4RACTU,"Supplier/JLC assembly quotation and final routing/assembly process acceptance; effective-capacitance evidence is typical-curve engineering estimate, physical stability/inrush tests pending",not quoted,False
Main,C402,1,10n / 50V X7R / 10%,Capacitor_SMD:C_0603_1608Metric,TDK,C1608X7R1H103K080AA,user SMT/THT after factory inspection,manufacturer part selected in native schematic; source/package evidence archived,https://product.tdk.com/en/search/capacitor/ceramic/mlcc/info?part_no=C1608X7R1H103K080AA,"Supplier/JLC assembly quotation and final routing/assembly process acceptance; effective-capacitance evidence is typical-curve engineering estimate, physical stability/inrush tests pending",not quoted,False
Main,C403,1,10n / 50V X7R / 10%,Capacitor_SMD:C_0603_1608Metric,TDK,C1608X7R1H103K080AA,user SMT/THT after factory inspection,manufacturer part selected in native schematic; source/package evidence archived,https://product.tdk.com/en/search/capacitor/ceramic/mlcc/info?part_no=C1608X7R1H103K080AA,"Supplier/JLC assembly quotation and final routing/assembly process acceptance; effective-capacitance evidence is typical-curve engineering estimate, physical stability/inrush tests pending",not quoted,False
Main,C404,1,1u / 16V X7R / 10%,Capacitor_SMD:C_0603_1608Metric,KEMET / YAGEO,C0603C105K4RACTU,user SMT/THT after factory inspection,manufacturer part selected in native schematic; source/package evidence archived,https://search.kemet.com/component-documentation/download/specsheet/C0603C105K4RACTU,"Supplier/JLC assembly quotation and final routing/assembly process acceptance; effective-capacitance evidence is typical-curve engineering estimate, physical stability/inrush tests pending",not quoted,False
Main,C405,1,10n / 50V X7R / 10%,Capacitor_SMD:C_0603_1608Metric,TDK,C1608X7R1H103K080AA,user SMT/THT after factory inspection,manufacturer part selected in native schematic; source/package evidence archived,https://product.tdk.com/en/search/capacitor/ceramic/mlcc/info?part_no=C1608X7R1H103K080AA,"Supplier/JLC assembly quotation and final routing/assembly process acceptance; effective-capacitance evidence is typical-curve engineering estimate, physical stability/inrush tests pending",not quoted,False
Main,C406,1,10n / 50V X7R / 10%,Capacitor_SMD:C_0603_1608Metric,TDK,C1608X7R1H103K080AA,user SMT/THT after factory inspection,manufacturer part selected in native schematic; source/package evidence archived,https://product.tdk.com/en/search/capacitor/ceramic/mlcc/info?part_no=C1608X7R1H103K080AA,"Supplier/JLC assembly quotation and final routing/assembly process acceptance; effective-capacitance evidence is typical-curve engineering estimate, physical stability/inrush tests pending",not quoted,False
Main,C407,1,100n / 50V X7R / 10%,Capacitor_SMD:C_0603_1608Metric,TDK,C1608X7R1H104K080AA,user SMT/THT after factory inspection,manufacturer part selected in native schematic; source/package evidence archived,https://product.tdk.com/en/search/capacitor/ceramic/mlcc/info?part_no=C1608X7R1H104K080AA,"Supplier/JLC assembly quotation and final routing/assembly process acceptance; effective-capacitance evidence is typical-curve engineering estimate, physical stability/inrush tests pending",not quoted,False
Main,C408,1,1u / 16V X7R / 10%,Capacitor_SMD:C_0603_1608Metric,KEMET / YAGEO,C0603C105K4RACTU,user SMT/THT after factory inspection,manufacturer part selected in native schematic; source/package evidence archived,https://search.kemet.com/component-documentation/download/specsheet/C0603C105K4RACTU,"Supplier/JLC assembly quotation and final routing/assembly process acceptance; effective-capacitance evidence is typical-curve engineering estimate, physical stability/inrush tests pending",not quoted,False
Main,C409,1,1u / 16V X7R / 10%,Capacitor_SMD:C_0603_1608Metric,KEMET / YAGEO,C0603C105K4RACTU,user SMT/THT after factory inspection,manufacturer part selected in native schematic; source/package evidence archived,https://search.kemet.com/component-documentation/download/specsheet/C0603C105K4RACTU,"Supplier/JLC assembly quotation and final routing/assembly process acceptance; effective-capacitance evidence is typical-curve engineering estimate, physical stability/inrush tests pending",not quoted,False
Main,C501,1,4.7u / 16V X5R / 10%,Capacitor_SMD:C_0603_1608Metric,TDK,C1608X5R1C475K080AC,user SMT/THT after factory inspection,manufacturer part selected in native schematic; source/package evidence archived,https://product.tdk.com/en/search/capacitor/ceramic/mlcc/info?part_no=C1608X5R1C475K080AC,"Supplier/JLC assembly quotation and final routing/assembly process acceptance; effective-capacitance evidence is typical-curve engineering estimate, physical stability/inrush tests pending",not quoted,False
Main,C502,1,4.7u / 16V X5R / 10%,Capacitor_SMD:C_0603_1608Metric,TDK,C1608X5R1C475K080AC,user SMT/THT after factory inspection,manufacturer part selected in native schematic; source/package evidence archived,https://product.tdk.com/en/search/capacitor/ceramic/mlcc/info?part_no=C1608X5R1C475K080AC,"Supplier/JLC assembly quotation and final routing/assembly process acceptance; effective-capacitance evidence is typical-curve engineering estimate, physical stability/inrush tests pending",not quoted,False
Main,C503,0,10n / 50V X7R / 10% / DNP,Capacitor_SMD:C_0603_1608Metric,TDK,C1608X7R1H103K080AA,user SMT/THT after factory inspection,DNP - do not populate,https://product.tdk.com/en/search/capacitor/ceramic/mlcc/info?part_no=C1608X7R1H103K080AA,Requires documented engineering authorization to populate,not quoted,True
Main,C504,1,100n / 50V X7R / 10%,Capacitor_SMD:C_0603_1608Metric,TDK,C1608X7R1H104K080AA,user SMT/THT after factory inspection,manufacturer part selected in native schematic; source/package evidence archived,https://product.tdk.com/en/search/capacitor/ceramic/mlcc/info?part_no=C1608X7R1H104K080AA,"Supplier/JLC assembly quotation and final routing/assembly process acceptance; effective-capacitance evidence is typical-curve engineering estimate, physical stability/inrush tests pending",not quoted,False
Main,C505,1,1u / 16V X7R / 10%,Capacitor_SMD:C_0603_1608Metric,KEMET / YAGEO,C0603C105K4RACTU,user SMT/THT after factory inspection,manufacturer part selected in native schematic; source/package evidence archived,https://search.kemet.com/component-documentation/download/specsheet/C0603C105K4RACTU,"Supplier/JLC assembly quotation and final routing/assembly process acceptance; effective-capacitance evidence is typical-curve engineering estimate, physical stability/inrush tests pending",not quoted,False
Main,C506,1,10n / 50V X7R / 10%,Capacitor_SMD:C_0603_1608Metric,TDK,C1608X7R1H103K080AA,user SMT/THT after factory inspection,manufacturer part selected in native schematic; source/package evidence archived,https://product.tdk.com/en/search/capacitor/ceramic/mlcc/info?part_no=C1608X7R1H103K080AA,"Supplier/JLC assembly quotation and final routing/assembly process acceptance; effective-capacitance evidence is typical-curve engineering estimate, physical stability/inrush tests pending",not quoted,False
Main,C507,1,10n / 50V X7R / 10%,Capacitor_SMD:C_0603_1608Metric,TDK,C1608X7R1H103K080AA,user SMT/THT after factory inspection,manufacturer part selected in native schematic; source/package evidence archived,https://product.tdk.com/en/search/capacitor/ceramic/mlcc/info?part_no=C1608X7R1H103K080AA,"Supplier/JLC assembly quotation and final routing/assembly process acceptance; effective-capacitance evidence is typical-curve engineering estimate, physical stability/inrush tests pending",not quoted,False
Main,C508,1,100n / 50V X7R / 10%,Capacitor_SMD:C_0603_1608Metric,TDK,C1608X7R1H104K080AA,user SMT/THT after factory inspection,manufacturer part selected in native schematic; source/package evidence archived,https://product.tdk.com/en/search/capacitor/ceramic/mlcc/info?part_no=C1608X7R1H104K080AA,"Supplier/JLC assembly quotation and final routing/assembly process acceptance; effective-capacitance evidence is typical-curve engineering estimate, physical stability/inrush tests pending",not quoted,False
Main,C509,1,1u / 16V X7R / 10%,Capacitor_SMD:C_0603_1608Metric,KEMET / YAGEO,C0603C105K4RACTU,user SMT/THT after factory inspection,manufacturer part selected in native schematic; source/package evidence archived,https://search.kemet.com/component-documentation/download/specsheet/C0603C105K4RACTU,"Supplier/JLC assembly quotation and final routing/assembly process acceptance; effective-capacitance evidence is typical-curve engineering estimate, physical stability/inrush tests pending",not quoted,False
Main,C601,1,1u / 25V X7R / 10%,Capacitor_SMD:C_0805_2012Metric,TDK,C2012X7R1E105K125AB,user SMT/THT after factory inspection,manufacturer part selected in native schematic; source/package evidence archived,https://product.tdk.com/en/search/capacitor/ceramic/mlcc/info?part_no=C2012X7R1E105K125AB,"Supplier/JLC assembly quotation and final routing/assembly process acceptance; effective-capacitance evidence is typical-curve engineering estimate, physical stability/inrush tests pending",not quoted,False
Main,C701,1,22u / 25V X5R / 20%,Capacitor_SMD:C_1206_3216Metric,TDK,C3216X5R1E226M160AB,user SMT/THT after factory inspection,manufacturer part selected in native schematic; source/package evidence archived,https://product.tdk.com/en/search/capacitor/ceramic/mlcc/info?part_no=C3216X5R1E226M160AB,"Supplier/JLC assembly quotation and final routing/assembly process acceptance; effective-capacitance evidence is typical-curve engineering estimate, physical stability/inrush tests pending",not quoted,False
Main,C702,1,22u / 16V X5R / 20%,Capacitor_SMD:C_0805_2012Metric,TDK,C2012X5R1C226M125AC,user SMT/THT after factory inspection,manufacturer part selected in native schematic; source/package evidence archived,https://product.tdk.com/en/search/capacitor/ceramic/mlcc/info?part_no=C2012X5R1C226M125AC,"Supplier/JLC assembly quotation and final routing/assembly process acceptance; effective-capacitance evidence is typical-curve engineering estimate, physical stability/inrush tests pending",not quoted,False
Main,C703,1,22u / 16V X5R / 20%,Capacitor_SMD:C_0805_2012Metric,TDK,C2012X5R1C226M125AC,user SMT/THT after factory inspection,manufacturer part selected in native schematic; source/package evidence archived,https://product.tdk.com/en/search/capacitor/ceramic/mlcc/info?part_no=C2012X5R1C226M125AC,"Supplier/JLC assembly quotation and final routing/assembly process acceptance; effective-capacitance evidence is typical-curve engineering estimate, physical stability/inrush tests pending",not quoted,False
Main,C704,1,1u / 25V X7R / 10%,Capacitor_SMD:C_0805_2012Metric,TDK,C2012X7R1E105K125AB,user SMT/THT after factory inspection,manufacturer part selected in native schematic; source/package evidence archived,https://product.tdk.com/en/search/capacitor/ceramic/mlcc/info?part_no=C2012X7R1E105K125AB,"Supplier/JLC assembly quotation and final routing/assembly process acceptance; effective-capacitance evidence is typical-curve engineering estimate, physical stability/inrush tests pending",not quoted,False
Main,C705,1,1u / 25V X7R / 10%,Capacitor_SMD:C_0805_2012Metric,TDK,C2012X7R1E105K125AB,user SMT/THT after factory inspection,manufacturer part selected in native schematic; source/package evidence archived,https://product.tdk.com/en/search/capacitor/ceramic/mlcc/info?part_no=C2012X7R1E105K125AB,"Supplier/JLC assembly quotation and final routing/assembly process acceptance; effective-capacitance evidence is typical-curve engineering estimate, physical stability/inrush tests pending",not quoted,False
Main,C706,0,10n / 50V X7R / 10% / DNP,Capacitor_SMD:C_0805_2012Metric,KEMET / YAGEO,C0805C103K5RACTU,user SMT/THT after factory inspection,DNP - do not populate,https://search.kemet.com/component-documentation/download/specsheet/C0805C103K5RACTU,Requires documented engineering authorization to populate,not quoted,True
Main,C707,1,100n / 50V X7R / 10%,Capacitor_SMD:C_0805_2012Metric,KEMET / YAGEO,C0805C104K5RACTU,user SMT/THT after factory inspection,manufacturer part selected in native schematic; source/package evidence archived,https://search.kemet.com/component-documentation/download/specsheet/C0805C104K5RACTU,"Supplier/JLC assembly quotation and final routing/assembly process acceptance; effective-capacitance evidence is typical-curve engineering estimate, physical stability/inrush tests pending",not quoted,False
Main,C708,1,100n / 50V X7R / 10%,Capacitor_SMD:C_0805_2012Metric,KEMET / YAGEO,C0805C104K5RACTU,user SMT/THT after factory inspection,manufacturer part selected in native schematic; source/package evidence archived,https://search.kemet.com/component-documentation/download/specsheet/C0805C104K5RACTU,"Supplier/JLC assembly quotation and final routing/assembly process acceptance; effective-capacitance evidence is typical-curve engineering estimate, physical stability/inrush tests pending",not quoted,False
Main,C801,1,100n / 50V X7R / 10%,Capacitor_SMD:C_0603_1608Metric,TDK,C1608X7R1H104K080AA,user SMT/THT after factory inspection,manufacturer part selected in native schematic; source/package evidence archived,https://product.tdk.com/en/search/capacitor/ceramic/mlcc/info?part_no=C1608X7R1H104K080AA,"Supplier/JLC assembly quotation and final routing/assembly process acceptance; effective-capacitance evidence is typical-curve engineering estimate, physical stability/inrush tests pending",not quoted,False
Main,C802,1,100n / 50V X7R / 10%,Capacitor_SMD:C_0603_1608Metric,TDK,C1608X7R1H104K080AA,user SMT/THT after factory inspection,manufacturer part selected in native schematic; source/package evidence archived,https://product.tdk.com/en/search/capacitor/ceramic/mlcc/info?part_no=C1608X7R1H104K080AA,"Supplier/JLC assembly quotation and final routing/assembly process acceptance; effective-capacitance evidence is typical-curve engineering estimate, physical stability/inrush tests pending",not quoted,False
Main,C803,1,33n / 50V X7R / 10%,Capacitor_SMD:C_0805_2012Metric,KEMET / YAGEO,C0805C333K5RACTU,user SMT/THT after factory inspection,manufacturer part selected in native schematic; source/package evidence archived,https://search.kemet.com/component-documentation/download/specsheet/C0805C333K5RACTU,"Supplier/JLC assembly quotation and final routing/assembly process acceptance; effective-capacitance evidence is typical-curve engineering estimate, physical stability/inrush tests pending",not quoted,False
Main,C804,1,1u / 16V X7R / 10%,Capacitor_SMD:C_0603_1608Metric,KEMET / YAGEO,C0603C105K4RACTU,user SMT/THT after factory inspection,manufacturer part selected in native schematic; source/package evidence archived,https://search.kemet.com/component-documentation/download/specsheet/C0603C105K4RACTU,"Supplier/JLC assembly quotation and final routing/assembly process acceptance; effective-capacitance evidence is typical-curve engineering estimate, physical stability/inrush tests pending",not quoted,False
Main,J101,0,USB HARNESS: 5V/GND/CC1/CC2/D+/D-,Trimix_Power:USB_Harness_6P_P1.8mm,,,user SMT/THT after factory inspection,PCB fabricated feature or custom soldered harness; no standalone electronic component,,"Actual wire, termination, polarity, strain relief and service access validation",not quoted,False
Main,J102,0,PACK PIGTAIL,Trimix_Power:Battery_Pigtail_2x22AWG_P4.2_D1.00_Pad1.85,,,user SMT/THT after factory inspection,PCB fabricated feature or custom soldered harness; no standalone electronic component,,"Actual wire, termination, polarity, strain relief and service access validation",not quoted,False
Main,J103,1,PACK NTC: 103AT-2,Connector_PinHeader_2.54mm:PinHeader_1x02_P2.54mm_Vertical,Harwin,M20-9990246,user SMT/THT after factory inspection,manufacturer part selected in native schematic; source/package evidence archived,https://www.harwin.com/products/M20-9990246,"Supplier/JLC assembly quotation and final routing/assembly process acceptance; actual mating cable orientation, clearance and retention pending",not quoted,False
Main,J104,1,ARM: OPEN,Connector_PinHeader_2.54mm:PinHeader_1x02_P2.54mm_Vertical,Harwin,M20-9990246,Fit header; do not fit shunt before commissioning,manufacturer part selected in native schematic; source/package evidence archived,https://www.harwin.com/products/M20-9990246,"Supplier/JLC assembly quotation and final routing/assembly process acceptance; actual mating cable orientation, clearance and retention pending",not quoted,False
Main,J301,1,GUITION JP1 / 2x13,Trimix_Power:Samtec_HTSW-113-07-L-D-007_P2.54mm_Key7,Samtec,HTSW-113-07-L-D-007,user SMT/THT after factory inspection,manufacturer part selected in native schematic; source/package evidence archived,https://suddendocs.samtec.com/prints/htsw-xxx-xx-xxx-x-xx-xx-xx-mkt.pdf,"Supplier/JLC assembly quotation and final routing/assembly process acceptance; actual mating cable orientation, clearance and retention pending; matched Samtec HTSW-113-07-L-D-007 with IDSD-13-S-04.00-G-P07 is drawing-derived, exact configured availability unconfirmed; actual Guition post/plating/harness and approved5V entry still unresolved",not quoted,False
Main,J401,1,AO2 / 3-pin cable,Connector_PinHeader_2.54mm:PinHeader_1x03_P2.54mm_Vertical,Harwin,M20-9990346,user SMT/THT after factory inspection,manufacturer part selected in native schematic; source/package evidence archived,https://www.harwin.com/products/M20-9990346,"Supplier/JLC assembly quotation and final routing/assembly process acceptance; actual mating cable orientation, clearance and retention pending",not quoted,False
Main,J402,1,SMB male-centre / Amphenol142138,Trimix_Power:SMB_Amphenol_142138,Amphenol RF,142138,user SMT/THT after factory inspection,manufacturer part selected in native schematic; source/package evidence archived,https://www.amphenolrf.com/en-us/part/142138/883/,"Supplier/JLC assembly quotation and final routing/assembly process acceptance; actual mating cable orientation, clearance and retention pending; Amphenol142138 new specified SMB jack, owned elbow gender/fit still unmeasured",not quoted,False
Main,J501,1,MD62 cable / <=30 cm,Connector_PinHeader_2.54mm:PinHeader_1x03_P2.54mm_Vertical,Harwin,M20-9990346,user SMT/THT after factory inspection,manufacturer part selected in native schematic; source/package evidence archived,https://www.harwin.com/products/M20-9990346,"Supplier/JLC assembly quotation and final routing/assembly process acceptance; actual mating cable orientation, clearance and retention pending",not quoted,False
Main,J601,1,BME280 harness,Connector_JST:JST_XH_B4B-XH-A_1x04_P2.50mm_Vertical,JST,B4B-XH-A(LF)(SN),user SMT/THT after factory inspection,manufacturer part selected in native schematic; source/package evidence archived,https://www.jst-mfg.com/product/pdf/eng/eXH.pdf,"Supplier/JLC assembly quotation and final routing/assembly process acceptance; actual mating cable orientation, clearance and retention pending",not quoted,False
Main,J701,1,ZE07-CO harness,Connector_JST:JST_XH_B4B-XH-A_1x04_P2.50mm_Vertical,JST,B4B-XH-A(LF)(SN),user SMT/THT after factory inspection,manufacturer part selected in native schematic; source/package evidence archived,https://www.jst-mfg.com/product/pdf/eng/eXH.pdf,"Supplier/JLC assembly quotation and final routing/assembly process acceptance; actual mating cable orientation, clearance and retention pending",not quoted,False
Main,J801,1,POWER BUTTON / 1NO,Connector_PinHeader_2.54mm:PinHeader_1x02_P2.54mm_Vertical,Harwin,M20-9990246,user SMT/THT after factory inspection,manufacturer part selected in native schematic; source/package evidence archived,https://www.harwin.com/products/M20-9990246,"Supplier/JLC assembly quotation and final routing/assembly process acceptance; actual mating cable orientation, clearance and retention pending",not quoted,False
Main,J802,1,BUTTON LED +/-,Connector_PinHeader_2.54mm:PinHeader_1x02_P2.54mm_Vertical,Harwin,M20-9990246,Keep R804 DNP until button LED voltage/polarity is confirmed,manufacturer part selected in native schematic; source/package evidence archived,https://www.harwin.com/products/M20-9990246,"Supplier/JLC assembly quotation and final routing/assembly process acceptance; actual mating cable orientation, clearance and retention pending",not quoted,False
Main,L101,1,1u / 74437349010,Trimix_Power:L_Wurth_74437349010_7050,Würth Elektronik,74437349010,user SMT/THT after factory inspection,manufacturer part selected in native schematic; source/package evidence archived,https://www.we-online.com/components/products/datasheet/74437349010.pdf,Supplier/JLC assembly quotation and final routing/assembly process acceptance; DC/saturation/thermal corners depend on measured Guition/CO load; max package envelopes included,not quoted,False
Main,L201,1,1.5u / XGL4030-152MEC,Trimix_Power:L_Coilcraft_XGL4030,Coilcraft,XGL4030-152MEC,user SMT/THT after factory inspection,manufacturer part selected in native schematic; source/package evidence archived,https://www.coilcraft.com/pdfs/xgl4030.pdf,Supplier/JLC assembly quotation and final routing/assembly process acceptance; DC/saturation/thermal corners depend on measured Guition/CO load; max package envelopes included,not quoted,False
Main,L701,1,1u / XGL4020-102MEC,Trimix_Power:L_Coilcraft_XGL4020,Coilcraft,XGL4020-102MEC,user SMT/THT after factory inspection,manufacturer part selected in native schematic; source/package evidence archived,https://www.coilcraft.com/pdfs/xgl4020.pdf,Supplier/JLC assembly quotation and final routing/assembly process acceptance; DC/saturation/thermal corners depend on measured Guition/CO load; max package envelopes included,not quoted,False
Main,Q101,1,2N7002,Package_TO_SOT_SMD:SOT-23,Diodes Incorporated,2N7002-7-F,user SMT/THT after factory inspection,manufacturer part selected in native schematic; source/package evidence archived,https://www.diodes.com/datasheet/download/2N7002.pdf,Supplier/JLC assembly quotation and final routing/assembly process acceptance,not quoted,False
Main,Q110,1,DMN2056U-7,Package_TO_SOT_SMD:SOT-23,Diodes Incorporated,DMN2056U-7,user SMT/THT after factory inspection,manufacturer part selected in native schematic; source/package evidence archived,http://www.diodes.com/assets/Datasheets/DMN2056U.pdf,Supplier/JLC assembly quotation and final routing/assembly process acceptance,not quoted,False
Main,Q111,1,DMN2056U-7,Package_TO_SOT_SMD:SOT-23,Diodes Incorporated,DMN2056U-7,user SMT/THT after factory inspection,manufacturer part selected in native schematic; source/package evidence archived,http://www.diodes.com/assets/Datasheets/DMN2056U.pdf,Supplier/JLC assembly quotation and final routing/assembly process acceptance,not quoted,False
Main,Q112,1,DMN2056U-7,Package_TO_SOT_SMD:SOT-23,Diodes Incorporated,DMN2056U-7,user SMT/THT after factory inspection,manufacturer part selected in native schematic; source/package evidence archived,https://www.diodes.com/assets/Datasheets/DMN2056U.pdf,Supplier/JLC assembly quotation and final routing/assembly process acceptance,not quoted,False
Main,Q601,1,BSS138,Package_TO_SOT_SMD:SOT-23,Diodes Incorporated,BSS138-7-F,user SMT/THT after factory inspection,manufacturer part selected in native schematic; source/package evidence archived,https://www.diodes.com/datasheet/download/BSS138.pdf,Supplier/JLC assembly quotation and final routing/assembly process acceptance,not quoted,False
Main,Q602,1,BSS138,Package_TO_SOT_SMD:SOT-23,Diodes Incorporated,BSS138-7-F,user SMT/THT after factory inspection,manufacturer part selected in native schematic; source/package evidence archived,https://www.diodes.com/datasheet/download/BSS138.pdf,Supplier/JLC assembly quotation and final routing/assembly process acceptance,not quoted,False
Main,R101,1,5.23k 1%,Resistor_SMD:R_0603_1608Metric,YAGEO,RC0603FR-075K23L,user SMT/THT after factory inspection,manufacturer part selected in native schematic; source/package evidence archived,https://yageogroup.com/content/datasheet/asset/file/PYU-RC_GROUP_51_ROHS_L,Supplier/JLC assembly quotation and final routing/assembly process acceptance,not quoted,False
Main,R102,1,30.1k 1%,Resistor_SMD:R_0603_1608Metric,YAGEO,RC0603FR-0730K1L,user SMT/THT after factory inspection,manufacturer part selected in native schematic; source/package evidence archived,https://yageogroup.com/content/datasheet/asset/file/PYU-RC_GROUP_51_ROHS_L,Supplier/JLC assembly quotation and final routing/assembly process acceptance,not quoted,False
Main,R103,1,300R / 1% / supported ILIM range,Resistor_SMD:R_0603_1608Metric,YAGEO,RC0603FR-07300RL,user SMT/THT after factory inspection,manufacturer part selected in native schematic; source/package evidence archived,https://yageogroup.com/content/datasheet/asset/file/PYU-RC_GROUP_51_ROHS_L,Supplier/JLC assembly quotation and final routing/assembly process acceptance,not quoted,False
Main,R104,1,100k,Resistor_SMD:R_0603_1608Metric,YAGEO,RC0603FR-07100KL,user SMT/THT after factory inspection,manufacturer part selected in native schematic; source/package evidence archived,https://yageogroup.com/content/datasheet/asset/file/PYU-RC_GROUP_51_ROHS_L,Supplier/JLC assembly quotation and final routing/assembly process acceptance,not quoted,False
Main,R105,1,100k,Resistor_SMD:R_0603_1608Metric,YAGEO,RC0603FR-07100KL,user SMT/THT after factory inspection,manufacturer part selected in native schematic; source/package evidence archived,https://yageogroup.com/content/datasheet/asset/file/PYU-RC_GROUP_51_ROHS_L,Supplier/JLC assembly quotation and final routing/assembly process acceptance,not quoted,False
Main,R107,1,10k,Resistor_SMD:R_0603_1608Metric,YAGEO,RC0603FR-0710KL,user SMT/THT after factory inspection,manufacturer part selected in native schematic; source/package evidence archived,https://yageogroup.com/content/datasheet/asset/file/PYU-RC_GROUP_51_ROHS_L,Supplier/JLC assembly quotation and final routing/assembly process acceptance,not quoted,False
Main,R110,1,887k / 1%,Resistor_SMD:R_0603_1608Metric,YAGEO,RC0603FR-07887KL,user SMT/THT after factory inspection,manufacturer part selected in native schematic; source/package evidence archived,https://yageogroup.com/content/datasheet/asset/file/PYU-RC_GROUP_51_ROHS_L,Supplier/JLC assembly quotation and final routing/assembly process acceptance,not quoted,False
Main,R111,1,33k / 1%,Resistor_SMD:R_0603_1608Metric,YAGEO,RC0603FR-0733KL,user SMT/THT after factory inspection,manufacturer part selected in native schematic; source/package evidence archived,https://yageogroup.com/content/datasheet/asset/file/PYU-RC_GROUP_51_ROHS_L,Supplier/JLC assembly quotation and final routing/assembly process acceptance,not quoted,False
Main,R112,1,10k / 1%,Resistor_SMD:R_0603_1608Metric,YAGEO,RC0603FR-0710KL,user SMT/THT after factory inspection,manufacturer part selected in native schematic; source/package evidence archived,https://yageogroup.com/content/datasheet/asset/file/PYU-RC_GROUP_51_ROHS_L,Supplier/JLC assembly quotation and final routing/assembly process acceptance,not quoted,False
Main,R113,1,97.6k / 0.1%,Resistor_SMD:R_0603_1608Metric,YAGEO,RT0603BRD0797K6L,user SMT/THT after factory inspection,manufacturer part selected in native schematic; source/package evidence archived,https://yageogroup.com/content/datasheet/asset/file/pyu-rt_1-to-0-01_rohs_l,Supplier/JLC assembly quotation and final routing/assembly process acceptance,not quoted,False
Main,R114,1,10k / 0.1%,Resistor_SMD:R_0603_1608Metric,YAGEO,RT0603BRD0710KL,user SMT/THT after factory inspection,manufacturer part selected in native schematic; source/package evidence archived,https://yageogroup.com/content/datasheet/asset/file/pyu-rt_1-to-0-01_rohs_l,Supplier/JLC assembly quotation and final routing/assembly process acceptance,not quoted,False
Main,R115,1,10k / 1%,Resistor_SMD:R_0603_1608Metric,YAGEO,RC0603FR-0710KL,user SMT/THT after factory inspection,manufacturer part selected in native schematic; source/package evidence archived,https://yageogroup.com/content/datasheet/asset/file/PYU-RC_GROUP_51_ROHS_L,Supplier/JLC assembly quotation and final routing/assembly process acceptance,not quoted,False
Main,R116,1,1k / 0.1%,Resistor_SMD:R_0603_1608Metric,YAGEO,RT0603BRD071KL,user SMT/THT after factory inspection,manufacturer part selected in native schematic; source/package evidence archived,https://yageogroup.com/content/datasheet/asset/file/pyu-rt_1-to-0-01_rohs_l,Supplier/JLC assembly quotation and final routing/assembly process acceptance,not quoted,False
Main,R117,1,100k / 1%,Resistor_SMD:R_0603_1608Metric,YAGEO,RC0603FR-07100KL,user SMT/THT after factory inspection,manufacturer part selected in native schematic; source/package evidence archived,https://yageogroup.com/content/datasheet/asset/file/PYU-RC_GROUP_51_ROHS_L,Supplier/JLC assembly quotation and final routing/assembly process acceptance,not quoted,False
Main,R118,1,100k / 1%,Resistor_SMD:R_0603_1608Metric,YAGEO,RC0603FR-07100KL,user SMT/THT after factory inspection,manufacturer part selected in native schematic; source/package evidence archived,https://yageogroup.com/content/datasheet/asset/file/PYU-RC_GROUP_51_ROHS_L,Supplier/JLC assembly quotation and final routing/assembly process acceptance,not quoted,False
Main,R119,1,19.2k / 0.1%,Resistor_SMD:R_0603_1608Metric,YAGEO,RT0603BRD0719K2L,user SMT/THT after factory inspection,manufacturer part selected in native schematic; source/package evidence archived,https://yageogroup.com/content/datasheet/asset/file/pyu-rt_1-to-0-01_rohs_l,Supplier/JLC assembly quotation and final routing/assembly process acceptance,not quoted,False
Main,R120,1,10k / 1%,Resistor_SMD:R_0603_1608Metric,YAGEO,RC0603FR-0710KL,user SMT/THT after factory inspection,manufacturer part selected in native schematic; source/package evidence archived,https://yageogroup.com/content/datasheet/asset/file/PYU-RC_GROUP_51_ROHS_L,Supplier/JLC assembly quotation and final routing/assembly process acceptance,not quoted,False
Main,R121,1,34k / 0.1% / 10ppm,Resistor_SMD:R_0603_1608Metric,Vishay,TNPW060334K0BYEA,user SMT/THT after factory inspection,manufacturer part selected in native schematic; source/package evidence archived,https://www.vishay.com/docs/28758/tnpw_e3.pdf,Supplier/JLC assembly quotation and final routing/assembly process acceptance,not quoted,False
Main,R122,1,649R / 0.1% / 10ppm,Resistor_SMD:R_0603_1608Metric,Vishay,TNPW0603649RBYEA,user SMT/THT after factory inspection,manufacturer part selected in native schematic; source/package evidence archived,https://www.vishay.com/docs/28758/tnpw_e3.pdf,Supplier/JLC assembly quotation and final routing/assembly process acceptance,not quoted,False
Main,R123,1,10k / 0.1% / 10ppm,Resistor_SMD:R_0603_1608Metric,Vishay,TNPW060310K0BYEA,user SMT/THT after factory inspection,manufacturer part selected in native schematic; source/package evidence archived,https://www.vishay.com/docs/28758/tnpw_e3.pdf,Supplier/JLC assembly quotation and final routing/assembly process acceptance,not quoted,False
Main,R124,1,21.5k / 0.1% / 25ppm,Resistor_SMD:R_0603_1608Metric,Vishay,TNPW060321K5BEEA,user SMT/THT after factory inspection,manufacturer part selected in native schematic; source/package evidence archived,https://www.vishay.com/docs/28758/tnpw_e3.pdf,Supplier/JLC assembly quotation and final routing/assembly process acceptance,not quoted,False
Main,R125,1,10k / 0.1% / 25ppm,Resistor_SMD:R_0603_1608Metric,Vishay,TNPW060310K0BEEA,user SMT/THT after factory inspection,manufacturer part selected in native schematic; source/package evidence archived,https://www.vishay.com/docs/28758/tnpw_e3.pdf,Supplier/JLC assembly quotation and final routing/assembly process acceptance,not quoted,False
Main,R126,1,1.65k / 0.1%,Resistor_SMD:R_0603_1608Metric,Vishay,TNPW06031K65BEEA,user SMT/THT after factory inspection,manufacturer part selected in native schematic; source/package evidence archived,https://www.vishay.com/docs/28758/tnpw_e3.pdf,Supplier/JLC assembly quotation and final routing/assembly process acceptance,not quoted,False
Main,R127,1,10k / 1%,Resistor_SMD:R_0603_1608Metric,YAGEO,RC0603FR-0710KL,user SMT/THT after factory inspection,manufacturer part selected in native schematic; source/package evidence archived,https://yageogroup.com/content/datasheet/asset/file/PYU-RC_GROUP_51_ROHS_L,Supplier/JLC assembly quotation and final routing/assembly process acceptance,not quoted,False
Main,R128,1,100k / 1%,Resistor_SMD:R_0603_1608Metric,,RC0603FR-07100KL,user SMT/THT after factory inspection,manufacturer part selected in native schematic; source/package evidence archived,,Supplier/JLC assembly quotation and final routing/assembly process acceptance,not quoted,False
Main,R201,1,1.62M 1%,Resistor_SMD:R_0603_1608Metric,YAGEO,RC0603FR-071M62L,user SMT/THT after factory inspection,manufacturer part selected in native schematic; source/package evidence archived,https://yageogroup.com/content/datasheet/asset/file/PYU-RC_GROUP_51_ROHS_L,Supplier/JLC assembly quotation and final routing/assembly process acceptance,not quoted,False
Main,R202,1,180k 1%,Resistor_SMD:R_0603_1608Metric,YAGEO,RC0603FR-07180KL,user SMT/THT after factory inspection,manufacturer part selected in native schematic; source/package evidence archived,https://yageogroup.com/content/datasheet/asset/file/PYU-RC_GROUP_51_ROHS_L,Supplier/JLC assembly quotation and final routing/assembly process acceptance,not quoted,False
Main,R203,1,100k,Resistor_SMD:R_0603_1608Metric,YAGEO,RC0603FR-07100KL,user SMT/THT after factory inspection,manufacturer part selected in native schematic; source/package evidence archived,https://yageogroup.com/content/datasheet/asset/file/PYU-RC_GROUP_51_ROHS_L,Supplier/JLC assembly quotation and final routing/assembly process acceptance,not quoted,False
Main,R301,1,10k,Resistor_SMD:R_0603_1608Metric,YAGEO,RC0603FR-0710KL,user SMT/THT after factory inspection,manufacturer part selected in native schematic; source/package evidence archived,https://yageogroup.com/content/datasheet/asset/file/PYU-RC_GROUP_51_ROHS_L,Supplier/JLC assembly quotation and final routing/assembly process acceptance,not quoted,False
Main,R302,1,4.7k / FIT,Resistor_SMD:R_0603_1608Metric,YAGEO,RC0603FR-074K7L,user SMT/THT after factory inspection,manufacturer part selected in native schematic; source/package evidence archived,https://yageogroup.com/content/datasheet/asset/file/PYU-RC_GROUP_51_ROHS_L,Supplier/JLC assembly quotation and final routing/assembly process acceptance,not quoted,False
Main,R303,1,4.7k / FIT,Resistor_SMD:R_0603_1608Metric,YAGEO,RC0603FR-074K7L,user SMT/THT after factory inspection,manufacturer part selected in native schematic; source/package evidence archived,https://yageogroup.com/content/datasheet/asset/file/PYU-RC_GROUP_51_ROHS_L,Supplier/JLC assembly quotation and final routing/assembly process acceptance,not quoted,False
Main,R401,1,100R / 0.1%,Resistor_SMD:R_0603_1608Metric,YAGEO,RT0603BRD07100RL,user SMT/THT after factory inspection,manufacturer part selected in native schematic; source/package evidence archived,https://yageogroup.com/content/datasheet/asset/file/pyu-rt_1-to-0-01_rohs_l,Supplier/JLC assembly quotation and final routing/assembly process acceptance,not quoted,False
Main,R402,1,100R / 0.1%,Resistor_SMD:R_0603_1608Metric,YAGEO,RT0603BRD07100RL,user SMT/THT after factory inspection,manufacturer part selected in native schematic; source/package evidence archived,https://yageogroup.com/content/datasheet/asset/file/pyu-rt_1-to-0-01_rohs_l,Supplier/JLC assembly quotation and final routing/assembly process acceptance,not quoted,False
Main,R403,1,1M / 1%,Resistor_SMD:R_0603_1608Metric,YAGEO,RC0603FR-071ML,user SMT/THT after factory inspection,manufacturer part selected in native schematic; source/package evidence archived,https://yageogroup.com/content/datasheet/asset/file/PYU-RC_GROUP_51_ROHS_L,Supplier/JLC assembly quotation and final routing/assembly process acceptance,not quoted,False
Main,R404,1,1M / 1%,Resistor_SMD:R_0603_1608Metric,YAGEO,RC0603FR-071ML,user SMT/THT after factory inspection,manufacturer part selected in native schematic; source/package evidence archived,https://yageogroup.com/content/datasheet/asset/file/PYU-RC_GROUP_51_ROHS_L,Supplier/JLC assembly quotation and final routing/assembly process acceptance,not quoted,False
Main,R405,1,100R / 0.1%,Resistor_SMD:R_0603_1608Metric,YAGEO,RT0603BRD07100RL,user SMT/THT after factory inspection,manufacturer part selected in native schematic; source/package evidence archived,https://yageogroup.com/content/datasheet/asset/file/pyu-rt_1-to-0-01_rohs_l,Supplier/JLC assembly quotation and final routing/assembly process acceptance,not quoted,False
Main,R406,1,100R / 0.1%,Resistor_SMD:R_0603_1608Metric,YAGEO,RT0603BRD07100RL,user SMT/THT after factory inspection,manufacturer part selected in native schematic; source/package evidence archived,https://yageogroup.com/content/datasheet/asset/file/pyu-rt_1-to-0-01_rohs_l,Supplier/JLC assembly quotation and final routing/assembly process acceptance,not quoted,False
Main,R407,1,1M / 1%,Resistor_SMD:R_0603_1608Metric,YAGEO,RC0603FR-071ML,user SMT/THT after factory inspection,manufacturer part selected in native schematic; source/package evidence archived,https://yageogroup.com/content/datasheet/asset/file/PYU-RC_GROUP_51_ROHS_L,Supplier/JLC assembly quotation and final routing/assembly process acceptance,not quoted,False
Main,R408,1,1M / 1%,Resistor_SMD:R_0603_1608Metric,YAGEO,RC0603FR-071ML,user SMT/THT after factory inspection,manufacturer part selected in native schematic; source/package evidence archived,https://yageogroup.com/content/datasheet/asset/file/PYU-RC_GROUP_51_ROHS_L,Supplier/JLC assembly quotation and final routing/assembly process acceptance,not quoted,False
Main,R409,1,10k / 0.1%,Resistor_SMD:R_0603_1608Metric,YAGEO,RT0603BRD0710KL,user SMT/THT after factory inspection,manufacturer part selected in native schematic; source/package evidence archived,https://yageogroup.com/content/datasheet/asset/file/pyu-rt_1-to-0-01_rohs_l,Supplier/JLC assembly quotation and final routing/assembly process acceptance,not quoted,False
Main,R410,1,10k / 0.1%,Resistor_SMD:R_0603_1608Metric,YAGEO,RT0603BRD0710KL,user SMT/THT after factory inspection,manufacturer part selected in native schematic; source/package evidence archived,https://yageogroup.com/content/datasheet/asset/file/pyu-rt_1-to-0-01_rohs_l,Supplier/JLC assembly quotation and final routing/assembly process acceptance,not quoted,False
Main,R501,1,100k,Resistor_SMD:R_0603_1608Metric,YAGEO,RC0603FR-07100KL,user SMT/THT after factory inspection,manufacturer part selected in native schematic; source/package evidence archived,https://yageogroup.com/content/datasheet/asset/file/PYU-RC_GROUP_51_ROHS_L,Supplier/JLC assembly quotation and final routing/assembly process acceptance,not quoted,False
Main,R504,1,10k / 0.1%,Resistor_SMD:R_0603_1608Metric,YAGEO,RT0603BRD0710KL,user SMT/THT after factory inspection,manufacturer part selected in native schematic; source/package evidence archived,https://yageogroup.com/content/datasheet/asset/file/pyu-rt_1-to-0-01_rohs_l,Supplier/JLC assembly quotation and final routing/assembly process acceptance,not quoted,False
Main,R505,1,10k / 0.1%,Resistor_SMD:R_0603_1608Metric,YAGEO,RT0603BRD0710KL,user SMT/THT after factory inspection,manufacturer part selected in native schematic; source/package evidence archived,https://yageogroup.com/content/datasheet/asset/file/pyu-rt_1-to-0-01_rohs_l,Supplier/JLC assembly quotation and final routing/assembly process acceptance,not quoted,False
Main,R506,1,680R / 0.1%,Resistor_SMD:R_0603_1608Metric,YAGEO,RT0603BRD07680RL,user SMT/THT after factory inspection,manufacturer part selected in native schematic; source/package evidence archived,https://yageogroup.com/content/datasheet/asset/file/pyu-rt_1-to-0-01_rohs_l,Supplier/JLC assembly quotation and final routing/assembly process acceptance,not quoted,False
Main,R507,1,680R / 0.1%,Resistor_SMD:R_0603_1608Metric,YAGEO,RT0603BRD07680RL,user SMT/THT after factory inspection,manufacturer part selected in native schematic; source/package evidence archived,https://yageogroup.com/content/datasheet/asset/file/pyu-rt_1-to-0-01_rohs_l,Supplier/JLC assembly quotation and final routing/assembly process acceptance,not quoted,False
Main,R601,1,0R / fit: 3.3 V,Resistor_SMD:R_0603_1608Metric,YAGEO,RC0603JR-070RL,user SMT/THT after factory inspection,manufacturer part selected in native schematic; source/package evidence archived,https://yageogroup.com/content/datasheet/asset/file/PYU-RC_GROUP_51_ROHS_L,Supplier/JLC assembly quotation and final routing/assembly process acceptance,not quoted,False
Main,R602,0,0R / DNP: 5 V option,Resistor_SMD:R_0603_1608Metric,YAGEO,RC0603JR-070RL,user SMT/THT after factory inspection,DNP - do not populate,https://yageogroup.com/content/datasheet/asset/file/PYU-RC_GROUP_51_ROHS_L,Requires documented engineering authorization to populate,not quoted,True
Main,R603,0,4.7k / DNP,Resistor_SMD:R_0603_1608Metric,YAGEO,RC0603FR-074K7L,user SMT/THT after factory inspection,DNP - do not populate,https://yageogroup.com/content/datasheet/asset/file/PYU-RC_GROUP_51_ROHS_L,Requires documented engineering authorization to populate,not quoted,True
Main,R604,0,4.7k / DNP,Resistor_SMD:R_0603_1608Metric,YAGEO,RC0603FR-074K7L,user SMT/THT after factory inspection,DNP - do not populate,https://yageogroup.com/content/datasheet/asset/file/PYU-RC_GROUP_51_ROHS_L,Requires documented engineering authorization to populate,not quoted,True
Main,R701,1,787k / 0.1%,Resistor_SMD:R_0603_1608Metric,YAGEO,RT0603BRD07787KL,user SMT/THT after factory inspection,manufacturer part selected in native schematic; source/package evidence archived,https://yageogroup.com/content/datasheet/asset/file/pyu-rt_1-to-0-01_rohs_l,Supplier/JLC assembly quotation and final routing/assembly process acceptance,not quoted,False
Main,R702,1,100k / 0.1%,Resistor_SMD:R_0603_1608Metric,YAGEO,RT0603BRD07100KL,user SMT/THT after factory inspection,manufacturer part selected in native schematic; source/package evidence archived,https://yageogroup.com/content/datasheet/asset/file/pyu-rt_1-to-0-01_rohs_l,Supplier/JLC assembly quotation and final routing/assembly process acceptance,not quoted,False
Main,R703,1,100k,Resistor_SMD:R_0603_1608Metric,YAGEO,RC0603FR-07100KL,user SMT/THT after factory inspection,manufacturer part selected in native schematic; source/package evidence archived,https://yageogroup.com/content/datasheet/asset/file/PYU-RC_GROUP_51_ROHS_L,Supplier/JLC assembly quotation and final routing/assembly process acceptance,not quoted,False
Main,R704,1,100R,Resistor_SMD:R_0603_1608Metric,YAGEO,RC0603FR-07100RL,user SMT/THT after factory inspection,manufacturer part selected in native schematic; source/package evidence archived,https://yageogroup.com/content/datasheet/asset/file/PYU-RC_GROUP_51_ROHS_L,Supplier/JLC assembly quotation and final routing/assembly process acceptance,not quoted,False
Main,R705,1,100R,Resistor_SMD:R_0603_1608Metric,YAGEO,RC0603FR-07100RL,user SMT/THT after factory inspection,manufacturer part selected in native schematic; source/package evidence archived,https://yageogroup.com/content/datasheet/asset/file/PYU-RC_GROUP_51_ROHS_L,Supplier/JLC assembly quotation and final routing/assembly process acceptance,not quoted,False
Main,R801,1,5.1k,Resistor_SMD:R_0603_1608Metric,YAGEO,RC0603FR-075K1L,user SMT/THT after factory inspection,manufacturer part selected in native schematic; source/package evidence archived,https://yageogroup.com/content/datasheet/asset/file/PYU-RC_GROUP_51_ROHS_L,Supplier/JLC assembly quotation and final routing/assembly process acceptance,not quoted,False
Main,R802,1,10k,Resistor_SMD:R_0603_1608Metric,YAGEO,RC0603FR-0710KL,user SMT/THT after factory inspection,manufacturer part selected in native schematic; source/package evidence archived,https://yageogroup.com/content/datasheet/asset/file/PYU-RC_GROUP_51_ROHS_L,Supplier/JLC assembly quotation and final routing/assembly process acceptance,not quoted,False
Main,R803,1,100k,Resistor_SMD:R_0603_1608Metric,YAGEO,RC0603FR-07100KL,user SMT/THT after factory inspection,manufacturer part selected in native schematic; source/package evidence archived,https://yageogroup.com/content/datasheet/asset/file/PYU-RC_GROUP_51_ROHS_L,Supplier/JLC assembly quotation and final routing/assembly process acceptance,not quoted,False
Main,R804,0,1k / DNP,Resistor_SMD:R_0603_1608Metric,YAGEO,RC0603FR-071KL,user SMT/THT after factory inspection,DNP - do not populate,https://yageogroup.com/content/datasheet/asset/file/PYU-RC_GROUP_51_ROHS_L,Requires documented engineering authorization to populate,not quoted,True
Main,RN501,1,2x2k / 1:1 matched,Trimix_Analog:Vishay_ACAS0606_AT_IEC,Vishay Beyschlag,ACASN2001U2001P1AT,factory SMT preferred; exact BOM/CPL process quote pending,manufacturer part selected in native schematic; source/package evidence archived,https://www.vishay.com/doc?28770=,Supplier/JLC assembly quotation and final routing/assembly process acceptance,not quoted,False
Main,TP1001,0,GND,TestPoint:TestPoint_Pad_D1.0mm,,,user SMT/THT after factory inspection,PCB fabricated feature or custom soldered harness; no standalone electronic component,,Probe/tool access review,not quoted,False
Main,TP1002,0,USB_5V,TestPoint:TestPoint_Pad_D1.0mm,,,user SMT/THT after factory inspection,PCB fabricated feature or custom soldered harness; no standalone electronic component,,Probe/tool access review,not quoted,False
Main,TP1003,0,PACK_P,TestPoint:TestPoint_Pad_D1.0mm,,,user SMT/THT after factory inspection,PCB fabricated feature or custom soldered harness; no standalone electronic component,,Probe/tool access review,not quoted,False
Main,TP1004,0,VSYS,TestPoint:TestPoint_Pad_D1.0mm,,,user SMT/THT after factory inspection,PCB fabricated feature or custom soldered harness; no standalone electronic component,,Probe/tool access review,not quoted,False
Main,TP1005,0,VOUT_5V,TestPoint:TestPoint_Pad_D1.0mm,,,user SMT/THT after factory inspection,PCB fabricated feature or custom soldered harness; no standalone electronic component,,Probe/tool access review,not quoted,False
Main,TP1006,0,HOST_3V3,TestPoint:TestPoint_Pad_D1.0mm,,,user SMT/THT after factory inspection,PCB fabricated feature or custom soldered harness; no standalone electronic component,,Probe/tool access review,not quoted,False
Main,TP1007,0,POWER_EN,TestPoint:TestPoint_Pad_D1.0mm,,,user SMT/THT after factory inspection,PCB fabricated feature or custom soldered harness; no standalone electronic component,,Probe/tool access review,not quoted,False
Main,TP1008,0,I2C_SCL,TestPoint:TestPoint_Pad_D1.0mm,,,user SMT/THT after factory inspection,PCB fabricated feature or custom soldered harness; no standalone electronic component,,Probe/tool access review,not quoted,False
Main,TP1009,0,I2C_SDA,TestPoint:TestPoint_Pad_D1.0mm,,,user SMT/THT after factory inspection,PCB fabricated feature or custom soldered harness; no standalone electronic component,,Probe/tool access review,not quoted,False
Main,TP1010,0,HE_3V0,TestPoint:TestPoint_Pad_D1.0mm,,,user SMT/THT after factory inspection,PCB fabricated feature or custom soldered harness; no standalone electronic component,,Probe/tool access review,not quoted,False
Main,TP1011,0,HE_SENSE,TestPoint:TestPoint_Pad_D1.0mm,,,user SMT/THT after factory inspection,PCB fabricated feature or custom soldered harness; no standalone electronic component,,Probe/tool access review,not quoted,False
Main,TP1012,0,O2_VMID,TestPoint:TestPoint_Pad_D1.0mm,,,user SMT/THT after factory inspection,PCB fabricated feature or custom soldered harness; no standalone electronic component,,Probe/tool access review,not quoted,False
Main,TP1013,0,CHG_STAT_N,Trimix_Power:TestPoint_Pad_D0.8mm,,,user SMT/THT after factory inspection,PCB fabricated feature or custom soldered harness; no standalone electronic component,,Probe/tool access review,not quoted,False
Main,TP1014,0,QON SERVICE,Trimix_Power:TestPoint_Pad_D0.8mm,,,user SMT/THT after factory inspection,PCB fabricated feature or custom soldered harness; no standalone electronic component,,Probe/tool access review,not quoted,False
Main,U101,1,BQ25895RTWR,Trimix_Power:TI_RTW24_4x4_ThermalVias_ServicePad,Texas Instruments,BQ25895RTWR,factory SMT preferred; exact BOM/CPL process quote pending,manufacturer part selected in native schematic; source/package evidence archived,http://www.ti.com/lit/ds/symlink/bq25895.pdf,Supplier/JLC assembly quotation and final routing/assembly process acceptance,not quoted,False
Main,U110,1,TUSB320LAIRWBR,Package_DFN_QFN:Texas_X2QFN-12_1.6x1.6mm_P0.4mm,Texas Instruments,TUSB320LAIRWBR,factory SMT preferred; exact BOM/CPL process quote pending,manufacturer part selected in native schematic; source/package evidence archived,https://www.ti.com/lit/ds/symlink/tusb320lai.pdf,Supplier/JLC assembly quotation and final routing/assembly process acceptance,not quoted,False
Main,U111,1,PI3USB9201ZTAEX,Trimix_Power:PI3USB9201_UQFN2020_12_TypeC,Diodes Incorporated,PI3USB9201ZTAEX,factory SMT preferred; exact BOM/CPL process quote pending,manufacturer part selected in native schematic; source/package evidence archived,https://www.diodes.com/datasheet/download/PI3USB9201.pdf,Supplier/JLC assembly quotation and final routing/assembly process acceptance,not quoted,False
Main,U112,1,SN74AUP1G74DCUR,Package_SO:VSSOP-8_2.3x2mm_P0.5mm,Texas Instruments,SN74AUP1G74DCUR,factory SMT preferred; exact BOM/CPL process quote pending,manufacturer part selected in native schematic; source/package evidence archived,https://www.ti.com/lit/ds/symlink/sn74aup1g74.pdf,Supplier/JLC assembly quotation and final routing/assembly process acceptance,not quoted,False
Main,U113,1,TPS3808G01DBVR,Package_TO_SOT_SMD:SOT-23-6,Texas Instruments,TPS3808G01DBVR,factory SMT preferred; exact BOM/CPL process quote pending,manufacturer part selected in native schematic; source/package evidence archived,https://www.ti.com/lit/ds/symlink/tps3808.pdf,Supplier/JLC assembly quotation and final routing/assembly process acceptance,not quoted,False
Main,U114,1,TPS22950CQDDCRQ1,Trimix_Power:TI_DDC0006A,Texas Instruments,TPS22950CQDDCRQ1,factory SMT preferred; exact BOM/CPL process quote pending,manufacturer part selected in native schematic; source/package evidence archived,https://www.ti.com/lit/ds/symlink/tps22950-q1.pdf,Supplier/JLC assembly quotation and final routing/assembly process acceptance; exact TPS22950CQDDCRQ1 ONLY; industrial C/L not equivalent to Q1 50mA range,not quoted,False
Main,U115,1,TPS259470ARPWR,Trimix_Power:TI_RPW0010A,Texas Instruments,TPS259470ARPWR,factory SMT preferred; exact BOM/CPL process quote pending,manufacturer part selected in native schematic; source/package evidence archived,https://www.ti.com/lit/ds/symlink/tps25947.pdf,Supplier/JLC assembly quotation and final routing/assembly process acceptance,not quoted,False
Main,U201,1,TPS63020DSJR,Trimix_Power:TI_DSJ_14,Texas Instruments,TPS63020DSJR,factory SMT preferred; exact BOM/CPL process quote pending,manufacturer part selected in native schematic; source/package evidence archived,https://www.ti.com/lit/ds/symlink/tps63020.pdf,Supplier/JLC assembly quotation and final routing/assembly process acceptance,not quoted,False
Main,U301,1,MAX17048G+,Package_DFN_QFN:TDFN-8-1EP_2x2mm_P0.5mm_EP0.8x1.2mm,Analog Devices,MAX17048G+T10,factory SMT preferred; exact BOM/CPL process quote pending,manufacturer part selected in native schematic; source/package evidence archived,https://www.analog.com/media/en/technical-documentation/data-sheets/max17048-max17049.pdf,Supplier/JLC assembly quotation and final routing/assembly process acceptance,not quoted,False
Main,U302,1,LM66100DCKR,Package_TO_SOT_SMD:SOT-363_SC-70-6,Texas Instruments,LM66100DCKR,factory SMT preferred; exact BOM/CPL process quote pending,manufacturer part selected in native schematic; source/package evidence archived,https://www.ti.com/lit/ds/symlink/lm66100.pdf,Supplier/JLC assembly quotation and final routing/assembly process acceptance,not quoted,False
Main,U401,1,ADS122C04IPWR,Package_SO:TSSOP-16_4.4x5mm_P0.65mm,Texas Instruments,ADS122C04IPWR,factory SMT preferred; exact BOM/CPL process quote pending,manufacturer part selected in native schematic; source/package evidence archived,https://www.ti.com/lit/ds/symlink/ads122c04.pdf,Supplier/JLC assembly quotation and final routing/assembly process acceptance,not quoted,False
Main,U501,1,TPS7A2030PDBVR,Package_TO_SOT_SMD:SOT-23-5,Texas Instruments,TPS7A2030PDBVR,factory SMT preferred; exact BOM/CPL process quote pending,manufacturer part selected in native schematic; source/package evidence archived,https://www.ti.com/lit/ds/symlink/tps7a20.pdf,"Supplier/JLC assembly quotation and final routing/assembly process acceptance; TPS7A20 output capacitor effective minimum0.47uF, thermal test pending; pin4NC and obsolete bypass DNP",not quoted,False
Main,U502,1,ADS122C04IPWR,Package_SO:TSSOP-16_4.4x5mm_P0.65mm,Texas Instruments,ADS122C04IPWR,factory SMT preferred; exact BOM/CPL process quote pending,manufacturer part selected in native schematic; source/package evidence archived,https://www.ti.com/lit/ds/symlink/ads122c04.pdf,Supplier/JLC assembly quotation and final routing/assembly process acceptance,not quoted,False
Main,U701,1,TPS61023DRLR,Package_TO_SOT_SMD:SOT-563,Texas Instruments,TPS61023DRLR,factory SMT preferred; exact BOM/CPL process quote pending,manufacturer part selected in native schematic; source/package evidence archived,https://www.ti.com/lit/ds/symlink/tps61023.pdf,Supplier/JLC assembly quotation and final routing/assembly process acceptance,not quoted,False
Main,U702,1,TPS7A2030PDBVR,Package_TO_SOT_SMD:SOT-23-5,Texas Instruments,TPS7A2030PDBVR,factory SMT preferred; exact BOM/CPL process quote pending,manufacturer part selected in native schematic; source/package evidence archived,https://www.ti.com/lit/ds/symlink/tps7a20.pdf,"Supplier/JLC assembly quotation and final routing/assembly process acceptance; TPS7A20 output capacitor effective minimum0.47uF, thermal test pending; pin4NC and obsolete bypass DNP",not quoted,False
Main,U703,1,TXU0202DCUR,Trimix_Power:TI_DCU8_CompactSilk,Texas Instruments,TXU0202DCUR,factory SMT preferred; exact BOM/CPL process quote pending,manufacturer part selected in native schematic; source/package evidence archived,https://www.ti.com/lit/ds/symlink/txu0202.pdf,Supplier/JLC assembly quotation and final routing/assembly process acceptance,not quoted,False
Main,U801,1,LTC2954CTS8-1,Package_TO_SOT_SMD:TSOT-23-8,Analog Devices,LTC2954CTS8-1#TRMPBF,factory SMT preferred; exact BOM/CPL process quote pending,manufacturer part selected in native schematic; source/package evidence archived,https://www.analog.com/media/en/technical-documentation/data-sheets/2954fb.pdf,Supplier/JLC assembly quotation and final routing/assembly process acceptance,not quoted,False
USB,D901,1,TPD1E10B06DYAR,Trimix_USB:TI_DYA0002A,Texas Instruments,TPD1E10B06DYAR,USB daughterboard,manufacturer part selected in native schematic; source/package evidence archived,https://www.ti.com/lit/ds/symlink/tpd1e10b06.pdf,Supplier/JLC assembly quotation and final routing/assembly process acceptance,not quoted,False
USB,J901,1,USB4720-03-A,Trimix_USB:USB4720_RevB,GCT,USB4720-03-A,USB daughterboard,manufacturer part selected in native schematic; source/package evidence archived,https://gct.co/files/drawings/usb4720.pdf,"Supplier/JLC assembly quotation and final routing/assembly process acceptance; actual mating cable orientation, clearance and retention pending",not quoted,False
USB,J902,0,TO MAIN J101 | SAME PIN NUMBERS,Trimix_USB:USB_Harness_6P_P1.8mm,,,Soldered harness supplied separately,PCB fabricated feature or custom soldered harness; no standalone electronic component,,"Actual wire, termination, polarity, strain relief and service access validation",not quoted,False
USB,U901,1,TPD4E05U06DQAR,Trimix_USB:TI_DQA0010B,Texas Instruments,TPD4E05U06DQAR,factory SMT preferred; exact BOM/CPL process quote pending,manufacturer part selected in native schematic; source/package evidence archived,https://www.ti.com/lit/ds/symlink/tpd4e05u06.pdf,Supplier/JLC assembly quotation and final routing/assembly process acceptance,not quoted,False
