kind,item,material,project,layer_events,predicted_seconds,predicted_weight_g,support_segments,physical_status
coupon,C01_gas_inlet,petg,/Users/magnustrandokken/Documents/Projects/Trimix/trimix-analysator/hardware/enclosure/rev04/print-release/printing/projects/petg/C01_gas_inlet/C01_gas_inlet_petg.3mf,250,1868,2.87,3830,not printed / not measured
coupon,C01_gas_inlet,pla,/Users/magnustrandokken/Documents/Projects/Trimix/trimix-analysator/hardware/enclosure/rev04/print-release/printing/projects/pla/C01_gas_inlet/C01_gas_inlet_pla.3mf,250,1684,2.91,3948,not printed / not measured
coupon,C02_gas_return,petg,/Users/magnustrandokken/Documents/Projects/Trimix/trimix-analysator/hardware/enclosure/rev04/print-release/printing/projects/petg/C02_gas_return/C02_gas_return_petg.3mf,241,2618,5.39,1386,not printed / not measured
coupon,C02_gas_return,pla,/Users/magnustrandokken/Documents/Projects/Trimix/trimix-analysator/hardware/enclosure/rev04/print-release/printing/projects/pla/C02_gas_return/C02_gas_return_pla.3mf,241,1973,5.42,1386,not printed / not measured
coupon,C03_m3_boss,petg,/Users/magnustrandokken/Documents/Projects/Trimix/trimix-analysator/hardware/enclosure/rev04/print-release/printing/projects/petg/C03_m3_boss/C03_m3_boss_petg.3mf,58,1060,1.53,325,not printed / not measured
coupon,C03_m3_boss,pla,/Users/magnustrandokken/Documents/Projects/Trimix/trimix-analysator/hardware/enclosure/rev04/print-release/printing/projects/pla/C03_m3_boss/C03_m3_boss_pla.3mf,58,885,1.54,325,not printed / not measured
coupon,C04_holder_rail,petg,/Users/magnustrandokken/Documents/Projects/Trimix/trimix-analysator/hardware/enclosure/rev04/print-release/printing/projects/petg/C04_holder_rail/C04_holder_rail_petg.3mf,109,1000,1.25,0,not printed / not measured
coupon,C04_holder_rail,pla,/Users/magnustrandokken/Documents/Projects/Trimix/trimix-analysator/hardware/enclosure/rev04/print-release/printing/projects/pla/C04_holder_rail/C04_holder_rail_pla.3mf,109,964,1.26,0,not printed / not measured
coupon,C05_display_lip,petg,/Users/magnustrandokken/Documents/Projects/Trimix/trimix-analysator/hardware/enclosure/rev04/print-release/printing/projects/petg/C05_display_lip/C05_display_lip_petg.3mf,100,1551,2.49,0,not printed / not measured
coupon,C05_display_lip,pla,/Users/magnustrandokken/Documents/Projects/Trimix/trimix-analysator/hardware/enclosure/rev04/print-release/printing/projects/pla/C05_display_lip/C05_display_lip_pla.3mf,100,1201,2.51,0,not printed / not measured
coupon,C06_usb_m2_frame,petg,/Users/magnustrandokken/Documents/Projects/Trimix/trimix-analysator/hardware/enclosure/rev04/print-release/printing/projects/petg/C06_usb_m2_frame/C06_usb_m2_frame_petg.3mf,83,1199,2.84,305,not printed / not measured
coupon,C06_usb_m2_frame,pla,/Users/magnustrandokken/Documents/Projects/Trimix/trimix-analysator/hardware/enclosure/rev04/print-release/printing/projects/pla/C06_usb_m2_frame/C06_usb_m2_frame_pla.3mf,83,983,2.86,305,not printed / not measured
coupon,C07_usb_bezel,petg,/Users/magnustrandokken/Documents/Projects/Trimix/trimix-analysator/hardware/enclosure/rev04/print-release/printing/projects/petg/C07_usb_bezel/C07_usb_bezel_petg.3mf,29,622,0.65,366,not printed / not measured
coupon,C07_usb_bezel,pla,/Users/magnustrandokken/Documents/Projects/Trimix/trimix-analysator/hardware/enclosure/rev04/print-release/printing/projects/pla/C07_usb_bezel/C07_usb_bezel_pla.3mf,29,574,0.65,366,not printed / not measured
coupon,C08_ao2_thread,petg,/Users/magnustrandokken/Documents/Projects/Trimix/trimix-analysator/hardware/enclosure/rev04/print-release/printing/projects/petg/C08_ao2_thread/C08_ao2_thread_petg.3mf,19,589,0.69,0,not printed / not measured
coupon,C08_ao2_thread,pla,/Users/magnustrandokken/Documents/Projects/Trimix/trimix-analysator/hardware/enclosure/rev04/print-release/printing/projects/pla/C08_ao2_thread/C08_ao2_thread_pla.3mf,19,520,0.69,0,not printed / not measured
part,TMX-A3-P01,petg,/Users/magnustrandokken/Documents/Projects/Trimix/trimix-analysator/hardware/enclosure/rev04/print-release/printing/projects/petg/TMX-A3-P01/TMX-A3-P01_petg.3mf,312,11224,107.28,58213,not printed / not measured
part,TMX-A3-P01,pla,/Users/magnustrandokken/Documents/Projects/Trimix/trimix-analysator/hardware/enclosure/rev04/print-release/printing/projects/pla/TMX-A3-P01/TMX-A3-P01_pla.3mf,312,11172,108.05,58213,not printed / not measured
part,TMX-A3-P02,petg,/Users/magnustrandokken/Documents/Projects/Trimix/trimix-analysator/hardware/enclosure/rev04/print-release/printing/projects/petg/TMX-A3-P02/TMX-A3-P02_petg.3mf,63,4356,41.32,2069,not printed / not measured
part,TMX-A3-P02,pla,/Users/magnustrandokken/Documents/Projects/Trimix/trimix-analysator/hardware/enclosure/rev04/print-release/printing/projects/pla/TMX-A3-P02/TMX-A3-P02_pla.3mf,63,4312,41.62,2069,not printed / not measured
part,TMX-A3-P03,petg,/Users/magnustrandokken/Documents/Projects/Trimix/trimix-analysator/hardware/enclosure/rev04/print-release/printing/projects/petg/TMX-A3-P03/TMX-A3-P03_petg.3mf,10,993,6.61,0,not printed / not measured
part,TMX-A3-P03,pla,/Users/magnustrandokken/Documents/Projects/Trimix/trimix-analysator/hardware/enclosure/rev04/print-release/printing/projects/pla/TMX-A3-P03/TMX-A3-P03_pla.3mf,10,991,6.66,0,not printed / not measured
part,TMX-A3-P04,petg,/Users/magnustrandokken/Documents/Projects/Trimix/trimix-analysator/hardware/enclosure/rev04/print-release/printing/projects/petg/TMX-A3-P04/TMX-A3-P04_petg.3mf,32,492,0.29,0,not printed / not measured
part,TMX-A3-P04,pla,/Users/magnustrandokken/Documents/Projects/Trimix/trimix-analysator/hardware/enclosure/rev04/print-release/printing/projects/pla/TMX-A3-P04/TMX-A3-P04_pla.3mf,32,478,0.29,0,not printed / not measured
part,TMX-A3-P05,petg,/Users/magnustrandokken/Documents/Projects/Trimix/trimix-analysator/hardware/enclosure/rev04/print-release/printing/projects/petg/TMX-A3-P05/TMX-A3-P05_petg.3mf,32,472,0.25,0,not printed / not measured
part,TMX-A3-P05,pla,/Users/magnustrandokken/Documents/Projects/Trimix/trimix-analysator/hardware/enclosure/rev04/print-release/printing/projects/pla/TMX-A3-P05/TMX-A3-P05_pla.3mf,32,464,0.25,0,not printed / not measured
part,TMX-A3-P06,petg,/Users/magnustrandokken/Documents/Projects/Trimix/trimix-analysator/hardware/enclosure/rev04/print-release/printing/projects/petg/TMX-A3-P06/TMX-A3-P06_petg.3mf,83,1199,2.84,305,not printed / not measured
part,TMX-A3-P06,pla,/Users/magnustrandokken/Documents/Projects/Trimix/trimix-analysator/hardware/enclosure/rev04/print-release/printing/projects/pla/TMX-A3-P06/TMX-A3-P06_pla.3mf,83,983,2.86,305,not printed / not measured
part,TMX-A3-P07,petg,/Users/magnustrandokken/Documents/Projects/Trimix/trimix-analysator/hardware/enclosure/rev04/print-release/printing/projects/petg/TMX-A3-P07/TMX-A3-P07_petg.3mf,242,4095,29.92,20859,not printed / not measured
part,TMX-A3-P07,pla,/Users/magnustrandokken/Documents/Projects/Trimix/trimix-analysator/hardware/enclosure/rev04/print-release/printing/projects/pla/TMX-A3-P07/TMX-A3-P07_pla.3mf,242,3922,30.18,21414,not printed / not measured
part,TMX-A3-P08,petg,/Users/magnustrandokken/Documents/Projects/Trimix/trimix-analysator/hardware/enclosure/rev04/print-release/printing/projects/petg/TMX-A3-P08/TMX-A3-P08_petg.3mf,54,958,5.17,0,not printed / not measured
part,TMX-A3-P08,pla,/Users/magnustrandokken/Documents/Projects/Trimix/trimix-analysator/hardware/enclosure/rev04/print-release/printing/projects/pla/TMX-A3-P08/TMX-A3-P08_pla.3mf,54,952,5.21,0,not printed / not measured
part,TMX-A3-P09,petg,/Users/magnustrandokken/Documents/Projects/Trimix/trimix-analysator/hardware/enclosure/rev04/print-release/printing/projects/petg/TMX-A3-P09/TMX-A3-P09_petg.3mf,29,622,0.65,366,not printed / not measured
part,TMX-A3-P09,pla,/Users/magnustrandokken/Documents/Projects/Trimix/trimix-analysator/hardware/enclosure/rev04/print-release/printing/projects/pla/TMX-A3-P09/TMX-A3-P09_pla.3mf,29,574,0.65,366,not printed / not measured
part,TMX-A3-P10,petg,/Users/magnustrandokken/Documents/Projects/Trimix/trimix-analysator/hardware/enclosure/rev04/print-release/printing/projects/petg/TMX-A3-P10/TMX-A3-P10_petg.3mf,47,743,1.53,306,not printed / not measured
part,TMX-A3-P10,pla,/Users/magnustrandokken/Documents/Projects/Trimix/trimix-analysator/hardware/enclosure/rev04/print-release/printing/projects/pla/TMX-A3-P10/TMX-A3-P10_pla.3mf,47,711,1.54,306,not printed / not measured
part,TMX-A3-P11,petg,/Users/magnustrandokken/Documents/Projects/Trimix/trimix-analysator/hardware/enclosure/rev04/print-release/printing/projects/petg/TMX-A3-P11/TMX-A3-P11_petg.3mf,19,589,0.69,0,not printed / not measured
part,TMX-A3-P11,pla,/Users/magnustrandokken/Documents/Projects/Trimix/trimix-analysator/hardware/enclosure/rev04/print-release/printing/projects/pla/TMX-A3-P11/TMX-A3-P11_pla.3mf,19,520,0.69,0,not printed / not measured
