reference,side,MPN,DNP,PCB_x_mm,PCB_y_mm,rotation_deg,x_min_mm,y_min_mm,x_max_mm,y_max_mm,max_body_height_mm,assembly_allowance_mm,clearance_height_above_FCu_mm,Fusion_z_bottom_mm,Fusion_z_top_mm,Fusion_x_min_mm,Fusion_x_max_mm,Fusion_y_min_mm,Fusion_y_max_mm,basis,XY_basis,source,model_status
C101,F.Cu,C0603C105K4RACTU,False,8.3,82.3,180.0,7.3,81.69999999999999,9.3,82.9,0.9,0.15,1.05,22.1,23.15,57.699999999999996,59.7,37.099999999999994,38.30000000000001,manufacturer package/part dimension; conservative package maxima where listed; extra0.15mm per-side XY allowance around F.Fab,manufacturer max where explicitly listed; otherwise current F.Fab bounding envelope,https://search.kemet.com/component-documentation/download/specsheet/C0603C105K4RACTU,check this envelope independently of generic STEP model; no scaling of purchased CAD
C102,F.Cu,C3225X7R1C226M250AC,False,8.1,79.1,90.0,6.6499999999999995,77.3,9.55,80.9,2.8,0.15,2.9499999999999997,22.1,25.05,57.05,59.95,39.099999999999994,42.7,manufacturer package/part dimension; conservative package maxima where listed; extra0.15mm per-side XY allowance around F.Fab,manufacturer max where explicitly listed; otherwise current F.Fab bounding envelope,https://product.tdk.com/en/search/capacitor/ceramic/mlcc/info?part_no=C3225X7R1C226M250AC,check this envelope independently of generic STEP model; no scaling of purchased CAD
C103,F.Cu,C0805C473K5RACTU,False,19.0,82.3,90.0,18.175,81.1,19.825,83.5,0.9,0.15,1.05,22.1,23.15,68.575,70.225,36.5,38.900000000000006,manufacturer package/part dimension; conservative package maxima where listed; extra0.15mm per-side XY allowance around F.Fab,manufacturer max where explicitly listed; otherwise current F.Fab bounding envelope,https://search.kemet.com/component-documentation/download/specsheet/C0805C473K5RACTU,check this envelope independently of generic STEP model; no scaling of purchased CAD
C104,F.Cu,C3225X7R1C226M250AC,False,19.6,75.25,0.0,17.8,73.8,21.4,76.7,2.8,0.15,2.9499999999999997,22.1,25.05,68.2,71.8,43.3,46.2,manufacturer package/part dimension; conservative package maxima where listed; extra0.15mm per-side XY allowance around F.Fab,manufacturer max where explicitly listed; otherwise current F.Fab bounding envelope,https://product.tdk.com/en/search/capacitor/ceramic/mlcc/info?part_no=C3225X7R1C226M250AC,check this envelope independently of generic STEP model; no scaling of purchased CAD
C105,F.Cu,C3225X7R1C226M250AC,False,8.199999,85.75,90.0,6.749999,83.94999999999999,9.649999000000001,87.55000000000001,2.8,0.15,2.9499999999999997,22.1,25.05,57.149999,60.049999,32.44999999999999,36.05000000000001,manufacturer package/part dimension; conservative package maxima where listed; extra0.15mm per-side XY allowance around F.Fab,manufacturer max where explicitly listed; otherwise current F.Fab bounding envelope,https://product.tdk.com/en/search/capacitor/ceramic/mlcc/info?part_no=C3225X7R1C226M250AC,check this envelope independently of generic STEP model; no scaling of purchased CAD
C106,F.Cu,C3216X5R1E226M160AB,False,2.95,90.75,0.0,1.1500000000000001,89.75,4.75,91.75,1.8,0.15,1.95,22.1,24.05,51.55,55.15,28.25,30.25,manufacturer package/part dimension; conservative package maxima where listed; extra0.15mm per-side XY allowance around F.Fab,manufacturer max where explicitly listed; otherwise current F.Fab bounding envelope,https://product.tdk.com/en/search/capacitor/ceramic/mlcc/info?part_no=C3216X5R1E226M160AB,check this envelope independently of generic STEP model; no scaling of purchased CAD
C107,F.Cu,C3216X5R1E226M160AB,False,8.0,74.5,90.0,7.0,72.69999999999999,9.0,76.30000000000001,1.8,0.15,1.95,22.1,24.05,57.4,59.4,43.69999999999999,47.30000000000001,manufacturer package/part dimension; conservative package maxima where listed; extra0.15mm per-side XY allowance around F.Fab,manufacturer max where explicitly listed; otherwise current F.Fab bounding envelope,https://product.tdk.com/en/search/capacitor/ceramic/mlcc/info?part_no=C3216X5R1E226M160AB,check this envelope independently of generic STEP model; no scaling of purchased CAD
C108,F.Cu,C1608X5R1C475K080AC,False,16.9,83.1,90.0,16.3,82.1,17.5,84.10000000000001,0.9,0.15,1.05,22.1,23.15,66.7,67.9,35.89999999999999,37.900000000000006,manufacturer package/part dimension; conservative package maxima where listed; extra0.15mm per-side XY allowance around F.Fab,manufacturer max where explicitly listed; otherwise current F.Fab bounding envelope,https://product.tdk.com/en/search/capacitor/ceramic/mlcc/info?part_no=C1608X5R1C475K080AC,check this envelope independently of generic STEP model; no scaling of purchased CAD
C110,F.Cu,C1608X7R1H104K080AA,False,22.7,77.4,90.0,22.1,76.39999999999999,23.299999999999997,78.4,0.9,0.15,1.05,22.1,23.15,72.5,73.69999999999999,41.599999999999994,43.60000000000001,manufacturer package/part dimension; conservative package maxima where listed; extra0.15mm per-side XY allowance around F.Fab,manufacturer max where explicitly listed; otherwise current F.Fab bounding envelope,https://product.tdk.com/en/search/capacitor/ceramic/mlcc/info?part_no=C1608X7R1H104K080AA,check this envelope independently of generic STEP model; no scaling of purchased CAD
C111,F.Cu,C1608X7R1H104K080AA,False,29.025,73.1,90.0,28.425,72.1,29.625,74.10000000000001,0.9,0.15,1.05,22.1,23.15,78.825,80.025,45.89999999999999,47.900000000000006,manufacturer package/part dimension; conservative package maxima where listed; extra0.15mm per-side XY allowance around F.Fab,manufacturer max where explicitly listed; otherwise current F.Fab bounding envelope,https://product.tdk.com/en/search/capacitor/ceramic/mlcc/info?part_no=C1608X7R1H104K080AA,check this envelope independently of generic STEP model; no scaling of purchased CAD
C112,F.Cu,C1608X7R1H104K080AA,False,28.0,86.0,90.0,27.400000000000002,85.0,28.599999999999998,87.0,0.9,0.15,1.05,22.1,23.15,77.8,79.0,33.0,35.0,manufacturer package/part dimension; conservative package maxima where listed; extra0.15mm per-side XY allowance around F.Fab,manufacturer max where explicitly listed; otherwise current F.Fab bounding envelope,https://product.tdk.com/en/search/capacitor/ceramic/mlcc/info?part_no=C1608X7R1H104K080AA,check this envelope independently of generic STEP model; no scaling of purchased CAD
C113,F.Cu,C1608X7R1H104K080AA,False,28.25,81.2,90.0,27.650000000000002,80.19999999999999,28.849999999999998,82.2,0.9,0.15,1.05,22.1,23.15,78.05,79.25,37.8,39.80000000000001,manufacturer package/part dimension; conservative package maxima where listed; extra0.15mm per-side XY allowance around F.Fab,manufacturer max where explicitly listed; otherwise current F.Fab bounding envelope,https://product.tdk.com/en/search/capacitor/ceramic/mlcc/info?part_no=C1608X7R1H104K080AA,check this envelope independently of generic STEP model; no scaling of purchased CAD
C114,B.Cu,C3216X7R1E475K160AC,False,9.9,90.0,0.0,8.1,89.0,11.700000000000001,91.0,1.8,0.15,1.95,18.55,20.5,58.5,62.1,29.0,31.0,manufacturer package/part dimension; conservative package maxima where listed; extra0.15mm per-side XY allowance around F.Fab,manufacturer max where explicitly listed; otherwise current F.Fab bounding envelope,https://product.tdk.com/en/search/capacitor/ceramic/mlcc/info?part_no=C3216X7R1E475K160AC,check this envelope independently of generic STEP model; no scaling of purchased CAD
C115,B.Cu,C1608X7R1H104K080AA,False,12.0,92.75,-90.0,11.4,91.75,12.6,93.75,0.9,0.15,1.05,19.450000000000003,20.5,61.8,63.0,26.25,28.25,manufacturer package/part dimension; conservative package maxima where listed; extra0.15mm per-side XY allowance around F.Fab,manufacturer max where explicitly listed; otherwise current F.Fab bounding envelope,https://product.tdk.com/en/search/capacitor/ceramic/mlcc/info?part_no=C1608X7R1H104K080AA,check this envelope independently of generic STEP model; no scaling of purchased CAD
C116,B.Cu,GRM1555C1H332JE01D,False,16.5,89.05,-90.0,16.225,88.52499999999999,16.775,89.575,0.55,0.15,0.7000000000000001,19.8,20.5,66.625,67.175,30.424999999999997,31.47500000000001,explicit manufacturer maximum length/width/height from source-matched part fields; assembly allowance is separate,manufacturer max where explicitly listed; otherwise current F.Fab bounding envelope,https://search.murata.co.jp/Ceramy/image/img/A01X/G101/ENG/GRM1555C1H332JE01-01A.pdf,check this envelope independently of generic STEP model; no scaling of purchased CAD
C201,F.Cu,C3216X5R1E226M160AB,False,17.0,61.75,90.0,15.999999999999998,59.95,18.0,63.55,1.8,0.15,1.95,22.1,24.05,66.39999999999999,68.4,56.45,60.05,manufacturer package/part dimension; conservative package maxima where listed; extra0.15mm per-side XY allowance around F.Fab,manufacturer max where explicitly listed; otherwise current F.Fab bounding envelope,https://product.tdk.com/en/search/capacitor/ceramic/mlcc/info?part_no=C3216X5R1E226M160AB,check this envelope independently of generic STEP model; no scaling of purchased CAD
C202,F.Cu,C3216X5R1E226M160AB,False,19.7,72.25,0.0,17.900000000000002,71.25,21.5,73.25,1.8,0.15,1.95,22.1,24.05,68.3,71.9,46.75,48.75,manufacturer package/part dimension; conservative package maxima where listed; extra0.15mm per-side XY allowance around F.Fab,manufacturer max where explicitly listed; otherwise current F.Fab bounding envelope,https://product.tdk.com/en/search/capacitor/ceramic/mlcc/info?part_no=C3216X5R1E226M160AB,check this envelope independently of generic STEP model; no scaling of purchased CAD
C203,F.Cu,C1608X7R1H104K080AA,False,11.8,57.7,0.0,10.799999999999999,57.1,12.8,58.3,0.9,0.15,1.05,22.1,23.15,61.199999999999996,63.2,61.7,62.9,manufacturer package/part dimension; conservative package maxima where listed; extra0.15mm per-side XY allowance around F.Fab,manufacturer max where explicitly listed; otherwise current F.Fab bounding envelope,https://product.tdk.com/en/search/capacitor/ceramic/mlcc/info?part_no=C1608X7R1H104K080AA,check this envelope independently of generic STEP model; no scaling of purchased CAD
C204,F.Cu,C3225X7R1C226M250AC,False,8.15,62.1,180.0,6.35,60.65,9.950000000000001,63.55,2.8,0.15,2.9499999999999997,22.1,25.05,56.75,60.35,56.45,59.35,manufacturer package/part dimension; conservative package maxima where listed; extra0.15mm per-side XY allowance around F.Fab,manufacturer max where explicitly listed; otherwise current F.Fab bounding envelope,https://product.tdk.com/en/search/capacitor/ceramic/mlcc/info?part_no=C3225X7R1C226M250AC,check this envelope independently of generic STEP model; no scaling of purchased CAD
C205,F.Cu,C3225X7R1C226M250AC,False,8.15,65.5,180.0,6.35,64.05,9.950000000000001,66.95,2.8,0.15,2.9499999999999997,22.1,25.05,56.75,60.35,53.05,55.95,manufacturer package/part dimension; conservative package maxima where listed; extra0.15mm per-side XY allowance around F.Fab,manufacturer max where explicitly listed; otherwise current F.Fab bounding envelope,https://product.tdk.com/en/search/capacitor/ceramic/mlcc/info?part_no=C3225X7R1C226M250AC,check this envelope independently of generic STEP model; no scaling of purchased CAD
C206,F.Cu,C3225X7R1C226M250AC,False,8.15,68.9,180.0,6.35,67.44999999999999,9.950000000000001,70.35000000000001,2.8,0.15,2.9499999999999997,22.1,25.05,56.75,60.35,49.64999999999999,52.55000000000001,manufacturer package/part dimension; conservative package maxima where listed; extra0.15mm per-side XY allowance around F.Fab,manufacturer max where explicitly listed; otherwise current F.Fab bounding envelope,https://product.tdk.com/en/search/capacitor/ceramic/mlcc/info?part_no=C3225X7R1C226M250AC,check this envelope independently of generic STEP model; no scaling of purchased CAD
C301,F.Cu,C0805C104K5RACTU,False,18.0,67.0,0.0,16.8,66.175,19.2,67.825,0.88,0.15,1.03,22.1,23.13,67.2,69.6,52.175,53.825,manufacturer package/part dimension; conservative package maxima where listed; extra0.15mm per-side XY allowance around F.Fab,manufacturer max where explicitly listed; otherwise current F.Fab bounding envelope,https://search.kemet.com/component-documentation/download/specsheet/C0805C104K5RACTU,check this envelope independently of generic STEP model; no scaling of purchased CAD
C302,F.Cu,C1608X5R1C475K080AC,False,11.5,48.1,0.0,10.5,47.5,12.5,48.699999999999996,0.9,0.15,1.05,22.1,23.15,60.9,62.9,71.30000000000001,72.5,manufacturer package/part dimension; conservative package maxima where listed; extra0.15mm per-side XY allowance around F.Fab,manufacturer max where explicitly listed; otherwise current F.Fab bounding envelope,https://product.tdk.com/en/search/capacitor/ceramic/mlcc/info?part_no=C1608X5R1C475K080AC,check this envelope independently of generic STEP model; no scaling of purchased CAD
C303,F.Cu,C1608X5R1C475K080AC,False,12.0,49.65,0.0,11.0,49.050000000000004,13.0,50.25,0.9,0.15,1.05,22.1,23.15,61.4,63.4,69.75,70.94999999999999,manufacturer package/part dimension; conservative package maxima where listed; extra0.15mm per-side XY allowance around F.Fab,manufacturer max where explicitly listed; otherwise current F.Fab bounding envelope,https://product.tdk.com/en/search/capacitor/ceramic/mlcc/info?part_no=C1608X5R1C475K080AC,check this envelope independently of generic STEP model; no scaling of purchased CAD
C401,F.Cu,C0603C105K4RACTU,False,1.299999,23.3,90.0,0.6999989999999999,22.3,1.899999,24.299999999999997,0.9,0.15,1.05,22.1,23.15,51.099999,52.299999,95.7,97.7,manufacturer package/part dimension; conservative package maxima where listed; extra0.15mm per-side XY allowance around F.Fab,manufacturer max where explicitly listed; otherwise current F.Fab bounding envelope,https://search.kemet.com/component-documentation/download/specsheet/C0603C105K4RACTU,check this envelope independently of generic STEP model; no scaling of purchased CAD
C402,F.Cu,C1608X7R1H103K080AA,False,1.299999,26.51,90.0,0.6999989999999999,25.51,1.899999,27.509999999999998,0.9,0.15,1.05,22.1,23.15,51.099999,52.299999,92.49000000000001,94.49,manufacturer package/part dimension; conservative package maxima where listed; extra0.15mm per-side XY allowance around F.Fab,manufacturer max where explicitly listed; otherwise current F.Fab bounding envelope,https://product.tdk.com/en/search/capacitor/ceramic/mlcc/info?part_no=C1608X7R1H103K080AA,check this envelope independently of generic STEP model; no scaling of purchased CAD
C403,F.Cu,C1608X7R1H103K080AA,False,6.9,32.299999,0.0,5.8999999999999995,31.699999000000002,7.9,32.899999,0.9,0.15,1.05,22.1,23.15,56.3,58.3,87.10000099999999,88.300001,manufacturer package/part dimension; conservative package maxima where listed; extra0.15mm per-side XY allowance around F.Fab,manufacturer max where explicitly listed; otherwise current F.Fab bounding envelope,https://product.tdk.com/en/search/capacitor/ceramic/mlcc/info?part_no=C1608X7R1H103K080AA,check this envelope independently of generic STEP model; no scaling of purchased CAD
C404,F.Cu,C0603C105K4RACTU,False,12.6,33.0,0.0,11.6,32.4,13.6,33.6,0.9,0.15,1.05,22.1,23.15,62.0,64.0,86.4,87.6,manufacturer package/part dimension; conservative package maxima where listed; extra0.15mm per-side XY allowance around F.Fab,manufacturer max where explicitly listed; otherwise current F.Fab bounding envelope,https://search.kemet.com/component-documentation/download/specsheet/C0603C105K4RACTU,check this envelope independently of generic STEP model; no scaling of purchased CAD
C405,F.Cu,C1608X7R1H103K080AA,False,12.6,34.6,0.0,11.6,34.0,13.6,35.199999999999996,0.9,0.15,1.05,22.1,23.15,62.0,64.0,84.80000000000001,86.0,manufacturer package/part dimension; conservative package maxima where listed; extra0.15mm per-side XY allowance around F.Fab,manufacturer max where explicitly listed; otherwise current F.Fab bounding envelope,https://product.tdk.com/en/search/capacitor/ceramic/mlcc/info?part_no=C1608X7R1H103K080AA,check this envelope independently of generic STEP model; no scaling of purchased CAD
C406,F.Cu,C1608X7R1H103K080AA,False,10.2,33.0,90.0,9.6,32.0,10.8,34.0,0.9,0.15,1.05,22.1,23.15,60.0,61.2,86.0,88.0,manufacturer package/part dimension; conservative package maxima where listed; extra0.15mm per-side XY allowance around F.Fab,manufacturer max where explicitly listed; otherwise current F.Fab bounding envelope,https://product.tdk.com/en/search/capacitor/ceramic/mlcc/info?part_no=C1608X7R1H103K080AA,check this envelope independently of generic STEP model; no scaling of purchased CAD
C407,F.Cu,C1608X7R1H104K080AA,False,10.95,28.5,0.0,9.95,27.900000000000002,11.950000000000001,29.099999999999998,0.9,0.15,1.05,22.1,23.15,60.349999999999994,62.35,90.9,92.1,manufacturer package/part dimension; conservative package maxima where listed; extra0.15mm per-side XY allowance around F.Fab,manufacturer max where explicitly listed; otherwise current F.Fab bounding envelope,https://product.tdk.com/en/search/capacitor/ceramic/mlcc/info?part_no=C1608X7R1H104K080AA,check this envelope independently of generic STEP model; no scaling of purchased CAD
C408,F.Cu,C0603C105K4RACTU,False,14.15,28.5,0.0,13.15,27.900000000000002,15.15,29.099999999999998,0.9,0.15,1.05,22.1,23.15,63.55,65.55,90.9,92.1,manufacturer package/part dimension; conservative package maxima where listed; extra0.15mm per-side XY allowance around F.Fab,manufacturer max where explicitly listed; otherwise current F.Fab bounding envelope,https://search.kemet.com/component-documentation/download/specsheet/C0603C105K4RACTU,check this envelope independently of generic STEP model; no scaling of purchased CAD
C409,F.Cu,C0603C105K4RACTU,False,9.1,36.3,0.0,8.1,35.7,10.1,36.9,0.9,0.15,1.05,22.1,23.15,58.5,60.5,83.1,84.3,manufacturer package/part dimension; conservative package maxima where listed; extra0.15mm per-side XY allowance around F.Fab,manufacturer max where explicitly listed; otherwise current F.Fab bounding envelope,https://search.kemet.com/component-documentation/download/specsheet/C0603C105K4RACTU,check this envelope independently of generic STEP model; no scaling of purchased CAD
C501,F.Cu,C1608X5R1C475K080AC,False,4.0,42.7,0.0,3.0,42.1,5.0,43.3,0.9,0.15,1.05,22.1,23.15,53.4,55.4,76.7,77.9,manufacturer package/part dimension; conservative package maxima where listed; extra0.15mm per-side XY allowance around F.Fab,manufacturer max where explicitly listed; otherwise current F.Fab bounding envelope,https://product.tdk.com/en/search/capacitor/ceramic/mlcc/info?part_no=C1608X5R1C475K080AC,check this envelope independently of generic STEP model; no scaling of purchased CAD
C502,F.Cu,C1608X5R1C475K080AC,False,4.0,48.7,0.0,3.0,48.1,5.0,49.3,0.9,0.15,1.05,22.1,23.15,53.4,55.4,70.7,71.9,manufacturer package/part dimension; conservative package maxima where listed; extra0.15mm per-side XY allowance around F.Fab,manufacturer max where explicitly listed; otherwise current F.Fab bounding envelope,https://product.tdk.com/en/search/capacitor/ceramic/mlcc/info?part_no=C1608X5R1C475K080AC,check this envelope independently of generic STEP model; no scaling of purchased CAD
C503,F.Cu,C1608X7R1H103K080AA,True,8.5,46.3,0.0,7.5,45.7,9.5,46.9,0.9,0.15,1.05,22.1,23.15,57.9,59.9,73.1,74.3,manufacturer package/part dimension; conservative package maxima where listed; extra0.15mm per-side XY allowance around F.Fab,manufacturer max where explicitly listed; otherwise current F.Fab bounding envelope,https://product.tdk.com/en/search/capacitor/ceramic/mlcc/info?part_no=C1608X7R1H103K080AA,check this envelope independently of generic STEP model; no scaling of purchased CAD
C504,F.Cu,C1608X7R1H104K080AA,False,8.5,48.1,0.0,7.5,47.5,9.5,48.699999999999996,0.9,0.15,1.05,22.1,23.15,57.9,59.9,71.30000000000001,72.5,manufacturer package/part dimension; conservative package maxima where listed; extra0.15mm per-side XY allowance around F.Fab,manufacturer max where explicitly listed; otherwise current F.Fab bounding envelope,https://product.tdk.com/en/search/capacitor/ceramic/mlcc/info?part_no=C1608X7R1H104K080AA,check this envelope independently of generic STEP model; no scaling of purchased CAD
C505,F.Cu,C0603C105K4RACTU,False,9.2,51.5,90.0,8.6,50.5,9.8,52.5,0.9,0.15,1.05,22.1,23.15,59.0,60.2,67.5,69.5,manufacturer package/part dimension; conservative package maxima where listed; extra0.15mm per-side XY allowance around F.Fab,manufacturer max where explicitly listed; otherwise current F.Fab bounding envelope,https://search.kemet.com/component-documentation/download/specsheet/C0603C105K4RACTU,check this envelope independently of generic STEP model; no scaling of purchased CAD
C506,F.Cu,C1608X7R1H103K080AA,False,16.649999,34.025,90.0,16.049999,33.025,17.249999,35.025,0.9,0.15,1.05,22.1,23.15,66.44999899999999,67.649999,84.975,86.975,manufacturer package/part dimension; conservative package maxima where listed; extra0.15mm per-side XY allowance around F.Fab,manufacturer max where explicitly listed; otherwise current F.Fab bounding envelope,https://product.tdk.com/en/search/capacitor/ceramic/mlcc/info?part_no=C1608X7R1H103K080AA,check this envelope independently of generic STEP model; no scaling of purchased CAD
C507,F.Cu,C1608X7R1H103K080AA,False,6.65,38.1,90.0,6.05,37.1,7.25,39.1,0.9,0.15,1.05,22.1,23.15,56.449999999999996,57.65,80.9,82.9,manufacturer package/part dimension; conservative package maxima where listed; extra0.15mm per-side XY allowance around F.Fab,manufacturer max where explicitly listed; otherwise current F.Fab bounding envelope,https://product.tdk.com/en/search/capacitor/ceramic/mlcc/info?part_no=C1608X7R1H103K080AA,check this envelope independently of generic STEP model; no scaling of purchased CAD
C508,F.Cu,C1608X7R1H104K080AA,False,15.5,38.4,0.0,14.5,37.800000000000004,16.5,39.0,0.9,0.15,1.05,22.1,23.15,64.9,66.9,81.0,82.19999999999999,manufacturer package/part dimension; conservative package maxima where listed; extra0.15mm per-side XY allowance around F.Fab,manufacturer max where explicitly listed; otherwise current F.Fab bounding envelope,https://product.tdk.com/en/search/capacitor/ceramic/mlcc/info?part_no=C1608X7R1H104K080AA,check this envelope independently of generic STEP model; no scaling of purchased CAD
C509,F.Cu,C0603C105K4RACTU,False,12.25,38.4,0.0,11.25,37.800000000000004,13.25,39.0,0.9,0.15,1.05,22.1,23.15,61.65,63.65,81.0,82.19999999999999,manufacturer package/part dimension; conservative package maxima where listed; extra0.15mm per-side XY allowance around F.Fab,manufacturer max where explicitly listed; otherwise current F.Fab bounding envelope,https://search.kemet.com/component-documentation/download/specsheet/C0603C105K4RACTU,check this envelope independently of generic STEP model; no scaling of purchased CAD
C601,F.Cu,C2012X7R1E105K125AB,False,19.5,42.1,0.0,18.3,41.275,20.7,42.925,1.45,0.15,1.5999999999999999,22.1,23.7,68.7,71.1,77.075,78.725,manufacturer package/part dimension; conservative package maxima where listed; extra0.15mm per-side XY allowance around F.Fab,manufacturer max where explicitly listed; otherwise current F.Fab bounding envelope,https://product.tdk.com/en/search/capacitor/ceramic/mlcc/info?part_no=C2012X7R1E105K125AB,check this envelope independently of generic STEP model; no scaling of purchased CAD
C701,F.Cu,C3216X5R1E226M160AB,False,15.1,50.5,90.0,14.1,48.7,16.099999999999998,52.3,1.8,0.15,1.95,22.1,24.05,64.5,66.5,67.7,71.3,manufacturer package/part dimension; conservative package maxima where listed; extra0.15mm per-side XY allowance around F.Fab,manufacturer max where explicitly listed; otherwise current F.Fab bounding envelope,https://product.tdk.com/en/search/capacitor/ceramic/mlcc/info?part_no=C3216X5R1E226M160AB,check this envelope independently of generic STEP model; no scaling of purchased CAD
C702,F.Cu,C2012X5R1C226M125AC,False,21.9,55.2,90.0,21.075000000000003,54.0,22.724999999999998,56.4,1.45,0.15,1.5999999999999999,22.1,23.7,71.475,73.125,63.6,66.0,manufacturer package/part dimension; conservative package maxima where listed; extra0.15mm per-side XY allowance around F.Fab,manufacturer max where explicitly listed; otherwise current F.Fab bounding envelope,https://product.tdk.com/en/search/capacitor/ceramic/mlcc/info?part_no=C2012X5R1C226M125AC,check this envelope independently of generic STEP model; no scaling of purchased CAD
C703,F.Cu,C2012X5R1C226M125AC,False,19.25,61.3,90.0,18.425,60.1,20.075,62.5,1.45,0.15,1.5999999999999999,22.1,23.7,68.825,70.475,57.5,59.9,manufacturer package/part dimension; conservative package maxima where listed; extra0.15mm per-side XY allowance around F.Fab,manufacturer max where explicitly listed; otherwise current F.Fab bounding envelope,https://product.tdk.com/en/search/capacitor/ceramic/mlcc/info?part_no=C2012X5R1C226M125AC,check this envelope independently of generic STEP model; no scaling of purchased CAD
C704,F.Cu,C2012X7R1E105K125AB,False,2.25,57.0,90.0,1.425,55.800000000000004,3.0749999999999997,58.199999999999996,1.45,0.15,1.5999999999999999,22.1,23.7,51.824999999999996,53.475,61.800000000000004,64.19999999999999,manufacturer package/part dimension; conservative package maxima where listed; extra0.15mm per-side XY allowance around F.Fab,manufacturer max where explicitly listed; otherwise current F.Fab bounding envelope,https://product.tdk.com/en/search/capacitor/ceramic/mlcc/info?part_no=C2012X7R1E105K125AB,check this envelope independently of generic STEP model; no scaling of purchased CAD
C705,F.Cu,C2012X7R1E105K125AB,False,4.0,60.5,0.0,2.8000000000000003,59.675000000000004,5.2,61.324999999999996,1.45,0.15,1.5999999999999999,22.1,23.7,53.199999999999996,55.6,58.675000000000004,60.324999999999996,manufacturer package/part dimension; conservative package maxima where listed; extra0.15mm per-side XY allowance around F.Fab,manufacturer max where explicitly listed; otherwise current F.Fab bounding envelope,https://product.tdk.com/en/search/capacitor/ceramic/mlcc/info?part_no=C2012X7R1E105K125AB,check this envelope independently of generic STEP model; no scaling of purchased CAD
C706,F.Cu,C0805C103K5RACTU,True,4.0,62.75,0.0,2.8000000000000003,61.925000000000004,5.2,63.574999999999996,0.88,0.15,1.03,22.1,23.13,53.199999999999996,55.6,56.425000000000004,58.074999999999996,manufacturer package/part dimension; conservative package maxima where listed; extra0.15mm per-side XY allowance around F.Fab,manufacturer max where explicitly listed; otherwise current F.Fab bounding envelope,https://search.kemet.com/component-documentation/download/specsheet/C0805C103K5RACTU,check this envelope independently of generic STEP model; no scaling of purchased CAD
C707,F.Cu,C0805C104K5RACTU,False,21.7,68.925,90.0,20.875,67.725,22.525,70.125,0.88,0.15,1.03,22.1,23.13,71.275,72.925,49.875,52.275000000000006,manufacturer package/part dimension; conservative package maxima where listed; extra0.15mm per-side XY allowance around F.Fab,manufacturer max where explicitly listed; otherwise current F.Fab bounding envelope,https://search.kemet.com/component-documentation/download/specsheet/C0805C104K5RACTU,check this envelope independently of generic STEP model; no scaling of purchased CAD
C708,F.Cu,C0805C104K5RACTU,False,4.0,65.0,0.0,2.8000000000000003,64.175,5.2,65.825,0.88,0.15,1.03,22.1,23.13,53.199999999999996,55.6,54.175,55.825,manufacturer package/part dimension; conservative package maxima where listed; extra0.15mm per-side XY allowance around F.Fab,manufacturer max where explicitly listed; otherwise current F.Fab bounding envelope,https://search.kemet.com/component-documentation/download/specsheet/C0805C104K5RACTU,check this envelope independently of generic STEP model; no scaling of purchased CAD
C801,F.Cu,C1608X7R1H104K080AA,False,5.75,58.0,0.0,4.75,57.4,6.75,58.6,0.9,0.15,1.05,22.1,23.15,55.15,57.15,61.4,62.6,manufacturer package/part dimension; conservative package maxima where listed; extra0.15mm per-side XY allowance around F.Fab,manufacturer max where explicitly listed; otherwise current F.Fab bounding envelope,https://product.tdk.com/en/search/capacitor/ceramic/mlcc/info?part_no=C1608X7R1H104K080AA,check this envelope independently of generic STEP model; no scaling of purchased CAD
C802,F.Cu,C1608X7R1H104K080AA,False,14.8,57.5,0.0,13.799999999999999,56.9,15.8,58.1,0.9,0.15,1.05,22.1,23.15,64.2,66.2,61.9,63.1,manufacturer package/part dimension; conservative package maxima where listed; extra0.15mm per-side XY allowance around F.Fab,manufacturer max where explicitly listed; otherwise current F.Fab bounding envelope,https://product.tdk.com/en/search/capacitor/ceramic/mlcc/info?part_no=C1608X7R1H104K080AA,check this envelope independently of generic STEP model; no scaling of purchased CAD
C803,F.Cu,C0805C333K5RACTU,False,12.25,69.35,0.0,11.049999999999999,68.52499999999999,13.450000000000001,70.17500000000001,0.88,0.15,1.03,22.1,23.13,61.449999999999996,63.85,49.82499999999999,51.47500000000001,manufacturer package/part dimension; conservative package maxima where listed; extra0.15mm per-side XY allowance around F.Fab,manufacturer max where explicitly listed; otherwise current F.Fab bounding envelope,https://search.kemet.com/component-documentation/download/specsheet/C0805C333K5RACTU,check this envelope independently of generic STEP model; no scaling of purchased CAD
C804,F.Cu,C0603C105K4RACTU,False,17.0,65.0,0.0,15.999999999999998,64.39999999999999,18.0,65.60000000000001,0.9,0.15,1.05,22.1,23.15,66.39999999999999,68.4,54.39999999999999,55.60000000000001,manufacturer package/part dimension; conservative package maxima where listed; extra0.15mm per-side XY allowance around F.Fab,manufacturer max where explicitly listed; otherwise current F.Fab bounding envelope,https://search.kemet.com/component-documentation/download/specsheet/C0603C105K4RACTU,check this envelope independently of generic STEP model; no scaling of purchased CAD
J101,F.Cu,,False,14.75,97.0,0.0,9.3,95.95,20.2,98.05,6,0,6,22.1,28.1,59.7,70.6,21.950000000000003,24.049999999999997,UNMEASURED soldered-wire bend/strainrelief allocation; not connector CAD or qualified clearance,manufacturer max where explicitly listed; otherwise current F.Fab bounding envelope,,check this envelope independently of generic STEP model; no scaling of purchased CAD
J102,F.Cu,,False,14.9,93.0,0.0,14.0,92.1,20.0,93.9,6,0,6,22.1,28.1,64.4,70.4,26.099999999999994,27.900000000000006,UNMEASURED soldered-wire bend/strainrelief allocation; not connector CAD or qualified clearance,manufacturer max where explicitly listed; otherwise current F.Fab bounding envelope,,check this envelope independently of generic STEP model; no scaling of purchased CAD
J103,F.Cu,M20-9990246,False,4.0,77.725,0.0,2.68,76.405,5.32,81.585,8.95,0,8.95,22.1,31.05,53.08,55.72,38.415000000000006,43.595,"header clearance allocation; mating housing, wire bend and actual harness not included",manufacturer max where explicitly listed; otherwise current F.Fab bounding envelope,https://www.harwin.com/products/M20-9990246,check this envelope independently of generic STEP model; no scaling of purchased CAD
J104,F.Cu,M20-9990246,False,4.0,69.725,0.0,2.68,68.405,5.32,73.585,8.95,0,8.95,22.1,31.05,53.08,55.72,46.415000000000006,51.595,"header clearance allocation; mating housing, wire bend and actual harness not included",manufacturer max where explicitly listed; otherwise current F.Fab bounding envelope,https://www.harwin.com/products/M20-9990246,check this envelope independently of generic STEP model; no scaling of purchased CAD
J301,F.Cu,HTSW-113-07-L-D-007,False,27.265,69.245,180.0,23.4304,37.445,28.5596,70.565,8.95,0,8.95,22.1,31.05,73.8304,78.9596,49.435,82.555,SamtecHTSW-113-07-L-D-007 nominal8.382mm abovePCB;8.95mm engineering clearance is NOT manufacturer maximum; mated35x5.5x12.5mm housing/withdrawal/bend allocation checked separately; post7 omitted,manufacturer max where explicitly listed; otherwise current F.Fab bounding envelope,https://suddendocs.samtec.com/prints/htsw-xxx-xx-xxx-x-xx-xx-xx-mkt.pdf,check this envelope independently of generic STEP model; no scaling of purchased CAD
J401,F.Cu,M20-9990346,False,4.9,24.46,0.0,3.58,23.14,6.22,30.86,8.95,0,8.95,22.1,31.05,53.98,56.62,89.14,96.86,"header clearance allocation; mating housing, wire bend and actual harness not included",manufacturer max where explicitly listed; otherwise current F.Fab bounding envelope,https://www.harwin.com/products/M20-9990346,check this envelope independently of generic STEP model; no scaling of purchased CAD
J402,F.Cu,142138,False,4.45,16.6,0.0,0.8500000000000001,13.000000000000002,8.05,20.200000000000003,8.2,0,8.2,22.1,30.3,51.25,58.45,99.8,107.0,"Conservative independent-extremes derived envelope: body7.0+0.20mm; total11.5+0.40 minus minimum tail3.9-0.20 =8.2mm; nominal manufacturer drawing body7mm,height7.6mm; not a separately manufacturer-rated maximum",manufacturer max where explicitly listed; otherwise current F.Fab bounding envelope,https://www.amphenolrf.com/en-us/part/142138/883/,check this envelope independently of generic STEP model; no scaling of purchased CAD
J501,F.Cu,M20-9990346,False,4.0,34.96,0.0,2.68,33.64,5.32,41.36,8.95,0,8.95,22.1,31.05,53.08,55.72,78.64,86.36,"header clearance allocation; mating housing, wire bend and actual harness not included",manufacturer max where explicitly listed; otherwise current F.Fab bounding envelope,https://www.harwin.com/products/M20-9990346,check this envelope independently of generic STEP model; no scaling of purchased CAD
J601,F.Cu,B4B-XH-A(LF)(SN),False,26.45,21.525,180.0,16.45,18.075,28.95,23.925,7.3,0,7.3,22.1,29.400000000000002,66.85,79.35,96.075,101.925,"header clearance allocation; mating housing, wire bend and actual harness not included",manufacturer max where explicitly listed; otherwise current F.Fab bounding envelope,https://www.jst-mfg.com/product/pdf/eng/eXH.pdf,check this envelope independently of generic STEP model; no scaling of purchased CAD
J701,F.Cu,B4B-XH-A(LF)(SN),False,26.45,29.525,180.0,16.45,26.075,28.95,31.925,7.3,0,7.3,22.1,29.400000000000002,66.85,79.35,88.075,93.925,"header clearance allocation; mating housing, wire bend and actual harness not included",manufacturer max where explicitly listed; otherwise current F.Fab bounding envelope,https://www.jst-mfg.com/product/pdf/eng/eXH.pdf,check this envelope independently of generic STEP model; no scaling of purchased CAD
J801,F.Cu,M20-9990246,False,3.724999,51.5,90.0,2.404999,50.18,7.584999,52.82,8.95,0,8.95,22.1,31.05,52.804998999999995,57.984999,67.18,69.82,"header clearance allocation; mating housing, wire bend and actual harness not included",manufacturer max where explicitly listed; otherwise current F.Fab bounding envelope,https://www.harwin.com/products/M20-9990246,check this envelope independently of generic STEP model; no scaling of purchased CAD
J802,F.Cu,M20-9990246,False,5.725,55.3,90.0,4.405,53.98,9.585,56.62,8.95,0,8.95,22.1,31.05,54.805,59.985,63.38,66.02000000000001,"header clearance allocation; mating housing, wire bend and actual harness not included",manufacturer max where explicitly listed; otherwise current F.Fab bounding envelope,https://www.harwin.com/products/M20-9990246,check this envelope independently of generic STEP model; no scaling of purchased CAD
L101,F.Cu,74437349010,False,13.5,76.5,90.0,10.049999999999999,72.7,16.95,80.3,5.0,0.15,5.15,22.1,27.25,60.449999999999996,67.35,39.7,47.3,manufacturer package/part dimension; conservative package maxima where listed,manufacturer max where explicitly listed; otherwise current F.Fab bounding envelope,https://www.we-online.com/components/products/datasheet/74437349010.pdf,check this envelope independently of generic STEP model; no scaling of purchased CAD
L201,F.Cu,XGL4030-152MEC,False,13.0,66.0,180.0,10.85,63.85,15.15,68.15,3.1,0.15,3.25,22.1,25.35,61.25,65.55,51.849999999999994,56.15,manufacturer package/part dimension; conservative package maxima where listed,manufacturer max where explicitly listed; otherwise current F.Fab bounding envelope,https://www.coilcraft.com/pdfs/xgl4030.pdf,check this envelope independently of generic STEP model; no scaling of purchased CAD
L701,F.Cu,XGL4020-102MEC,False,19.5,51.2,-90.0,17.35,49.050000000000004,21.65,53.35,2.1,0.15,2.25,22.1,24.35,67.75,72.05,66.65,70.94999999999999,manufacturer package/part dimension; conservative package maxima where listed,manufacturer max where explicitly listed; otherwise current F.Fab bounding envelope,https://www.coilcraft.com/pdfs/xgl4020.pdf,check this envelope independently of generic STEP model; no scaling of purchased CAD
Q101,F.Cu,2N7002-7-F,False,20.0,78.75,0.0,19.3,77.25,20.7,80.25,1.1,0.15,1.25,22.1,23.35,69.7,71.1,39.75,42.75,manufacturer package/part dimension; conservative package maxima where listed,manufacturer max where explicitly listed; otherwise current F.Fab bounding envelope,https://www.diodes.com/datasheet/download/2N7002.pdf,check this envelope independently of generic STEP model; no scaling of purchased CAD
Q110,F.Cu,DMN2056U-7,False,18.0,89.5,180.0,17.3,88.0,18.7,91.0,1.1,0.15,1.25,22.1,23.35,67.7,69.1,29.0,32.0,manufacturer package/part dimension; conservative package maxima where listed,manufacturer max where explicitly listed; otherwise current F.Fab bounding envelope,https://www.diodes.com/datasheet/download/DMN2056U.pdf,check this envelope independently of generic STEP model; no scaling of purchased CAD
Q111,F.Cu,DMN2056U-7,False,20.0,86.0,0.0,19.3,84.5,20.7,87.5,1.1,0.15,1.25,22.1,23.35,69.7,71.1,32.5,35.5,manufacturer package/part dimension; conservative package maxima where listed,manufacturer max where explicitly listed; otherwise current F.Fab bounding envelope,http://www.diodes.com/assets/Datasheets/DMN2056U.pdf,check this envelope independently of generic STEP model; no scaling of purchased CAD
Q112,F.Cu,DMN2056U-7,False,24.75,96.75,0.0,24.05,95.25,25.45,98.25,1.1,0.15,1.25,22.1,23.35,74.45,75.85,21.75,24.75,manufacturer package/part dimension; conservative package maxima where listed,manufacturer max where explicitly listed; otherwise current F.Fab bounding envelope,https://www.diodes.com/assets/Datasheets/DMN2056U.pdf,check this envelope independently of generic STEP model; no scaling of purchased CAD
Q601,F.Cu,BSS138-7-F,False,19.5,35.0,0.0,18.8,33.5,20.2,36.5,1.1,0.15,1.25,22.1,23.35,69.2,70.6,83.5,86.5,manufacturer package/part dimension; conservative package maxima where listed,manufacturer max where explicitly listed; otherwise current F.Fab bounding envelope,https://www.diodes.com/datasheet/download/BSS138.pdf,check this envelope independently of generic STEP model; no scaling of purchased CAD
Q602,F.Cu,BSS138-7-F,False,20.5,39.2,0.0,19.8,37.7,21.2,40.7,1.1,0.15,1.25,22.1,23.35,70.2,71.6,79.3,82.3,manufacturer package/part dimension; conservative package maxima where listed,manufacturer max where explicitly listed; otherwise current F.Fab bounding envelope,https://www.diodes.com/datasheet/download/BSS138.pdf,check this envelope independently of generic STEP model; no scaling of purchased CAD
R101,F.Cu,RC0402FR-075K23L,False,14.85,88.95,0.0,14.325000000000001,88.67499999999998,15.375000000000002,89.225,0.4,0.15,0.55,22.1,22.65,64.725,65.775,30.775000000000006,31.325000000000017,explicit manufacturer maximum length/width/height from source-matched part fields; assembly allowance is separate,manufacturer max where explicitly listed; otherwise current F.Fab bounding envelope,https://yageogroup.com/component-documentation/download/specsheet/RC0402FR-075K23L,check this envelope independently of generic STEP model; no scaling of purchased CAD
R102,F.Cu,RC0603FR-0730K1L,False,10.9,88.25,90.0,10.4375,87.4,11.3625,89.1,0.6,0.15,0.75,22.1,22.85,60.8375,61.7625,30.900000000000006,32.599999999999994,conservative resistor height allowance; exact maximum not separately supplied,manufacturer max where explicitly listed; otherwise current F.Fab bounding envelope,https://yageogroup.com/content/datasheet/asset/file/PYU-RC_GROUP_51_ROHS_L,check this envelope independently of generic STEP model; no scaling of purchased CAD
R103,F.Cu,RC0603FR-07300RL,False,14.5,87.55,0.0,13.65,87.0875,15.35,88.0125,0.6,0.15,0.75,22.1,22.85,64.05,65.75,31.987499999999997,32.912499999999994,conservative resistor height allowance; exact maximum not separately supplied,manufacturer max where explicitly listed; otherwise current F.Fab bounding envelope,https://yageogroup.com/content/datasheet/asset/file/PYU-RC_GROUP_51_ROHS_L,check this envelope independently of generic STEP model; no scaling of purchased CAD
R104,F.Cu,RC0603FR-07100KL,False,5.0,93.0,180.0,4.15,92.5375,5.85,93.4625,0.6,0.15,0.75,22.1,22.85,54.55,56.25,26.537499999999994,27.462500000000006,conservative resistor height allowance; exact maximum not separately supplied,manufacturer max where explicitly listed; otherwise current F.Fab bounding envelope,https://yageogroup.com/content/datasheet/asset/file/PYU-RC_GROUP_51_ROHS_L,check this envelope independently of generic STEP model; no scaling of purchased CAD
R105,F.Cu,RC0603FR-07100KL,False,5.75,84.25,90.0,5.2875,83.4,6.2125,85.1,0.6,0.15,0.75,22.1,22.85,55.6875,56.6125,34.900000000000006,36.599999999999994,conservative resistor height allowance; exact maximum not separately supplied,manufacturer max where explicitly listed; otherwise current F.Fab bounding envelope,https://yageogroup.com/content/datasheet/asset/file/PYU-RC_GROUP_51_ROHS_L,check this envelope independently of generic STEP model; no scaling of purchased CAD
R107,F.Cu,RC0603FR-0710KL,False,23.5,75.0,180.0,22.65,74.5375,24.35,75.4625,0.6,0.15,0.75,22.1,22.85,73.05,74.75,44.537499999999994,45.462500000000006,conservative resistor height allowance; exact maximum not separately supplied,manufacturer max where explicitly listed; otherwise current F.Fab bounding envelope,https://yageogroup.com/content/datasheet/asset/file/PYU-RC_GROUP_51_ROHS_L,check this envelope independently of generic STEP model; no scaling of purchased CAD
R110,F.Cu,RC0603FR-07887KL,False,23.5,73.5,180.0,22.65,73.0375,24.35,73.9625,0.6,0.15,0.75,22.1,22.85,73.05,74.75,46.037499999999994,46.962500000000006,conservative resistor height allowance; exact maximum not separately supplied,manufacturer max where explicitly listed; otherwise current F.Fab bounding envelope,https://yageogroup.com/content/datasheet/asset/file/PYU-RC_GROUP_51_ROHS_L,check this envelope independently of generic STEP model; no scaling of purchased CAD
R111,F.Cu,RC0603FR-0733KL,False,27.5,77.55,-90.0,27.0375,76.7,27.9625,78.4,0.6,0.15,0.75,22.1,22.85,77.4375,78.3625,41.599999999999994,43.3,conservative resistor height allowance; exact maximum not separately supplied,manufacturer max where explicitly listed; otherwise current F.Fab bounding envelope,https://yageogroup.com/content/datasheet/asset/file/PYU-RC_GROUP_51_ROHS_L,check this envelope independently of generic STEP model; no scaling of purchased CAD
R112,F.Cu,RC0603FR-0710KL,False,29.0,76.75,90.0,28.5375,75.9,29.4625,77.6,0.6,0.15,0.75,22.1,22.85,78.9375,79.8625,42.400000000000006,44.099999999999994,conservative resistor height allowance; exact maximum not separately supplied,manufacturer max where explicitly listed; otherwise current F.Fab bounding envelope,https://yageogroup.com/content/datasheet/asset/file/PYU-RC_GROUP_51_ROHS_L,check this envelope independently of generic STEP model; no scaling of purchased CAD
R113,F.Cu,RT0603BRD0797K6L,False,26.0,83.25,0.0,25.15,82.7875,26.85,83.7125,0.6,0.15,0.75,22.1,22.85,75.55,77.25,36.287499999999994,37.212500000000006,conservative resistor height allowance; exact maximum not separately supplied,manufacturer max where explicitly listed; otherwise current F.Fab bounding envelope,https://yageogroup.com/content/datasheet/asset/file/pyu-rt_1-to-0-01_rohs_l,check this envelope independently of generic STEP model; no scaling of purchased CAD
R114,F.Cu,RT0603BRD0710KL,False,21.75,92.75,90.0,21.2875,91.9,22.2125,93.6,0.6,0.15,0.75,22.1,22.85,71.6875,72.6125,26.400000000000006,28.099999999999994,conservative resistor height allowance; exact maximum not separately supplied,manufacturer max where explicitly listed; otherwise current F.Fab bounding envelope,https://yageogroup.com/content/datasheet/asset/file/pyu-rt_1-to-0-01_rohs_l,check this envelope independently of generic STEP model; no scaling of purchased CAD
R115,F.Cu,RT0402BRD0710KL,False,21.4,83.3,-90.0,21.125,82.75,21.674999999999997,83.85,0.35,0.15,0.5,22.1,22.6,71.525,72.07499999999999,36.150000000000006,37.25,explicit manufacturer maximum length/width/height from source-matched part fields; assembly allowance is separate,manufacturer max where explicitly listed; otherwise current F.Fab bounding envelope,https://yageogroup.com/component-documentation/download/specsheet/RT0402BRD0710KL,check this envelope independently of generic STEP model; no scaling of purchased CAD
R116,F.Cu,RT0603BRD071KL,False,7.75,94.75,0.0,6.9,94.2875,8.6,95.2125,0.6,0.15,0.75,22.1,22.85,57.3,59.0,24.787499999999994,25.712500000000006,conservative resistor height allowance; exact maximum not separately supplied,manufacturer max where explicitly listed; otherwise current F.Fab bounding envelope,https://yageogroup.com/content/datasheet/asset/file/pyu-rt_1-to-0-01_rohs_l,check this envelope independently of generic STEP model; no scaling of purchased CAD
R117,F.Cu,RC0603FR-07100KL,False,28.2,97.0,90.0,27.7375,96.15,28.6625,97.85,0.6,0.15,0.75,22.1,22.85,78.1375,79.0625,22.150000000000006,23.849999999999994,conservative resistor height allowance; exact maximum not separately supplied,manufacturer max where explicitly listed; otherwise current F.Fab bounding envelope,https://yageogroup.com/content/datasheet/asset/file/PYU-RC_GROUP_51_ROHS_L,check this envelope independently of generic STEP model; no scaling of purchased CAD
R118,F.Cu,RT0402BRD07100KL,False,10.75,91.95,180.0,10.2,91.67499999999998,11.3,92.225,0.35,0.15,0.5,22.1,22.6,60.599999999999994,61.7,27.775000000000006,28.325000000000017,explicit manufacturer maximum length/width/height from source-matched part fields; assembly allowance is separate,manufacturer max where explicitly listed; otherwise current F.Fab bounding envelope,https://yageogroup.com/component-documentation/download/specsheet/RT0402BRD07100KL,check this envelope independently of generic STEP model; no scaling of purchased CAD
R119,B.Cu,RT0402BRD0719K1L,False,5.15,88.15,0.0,4.6000000000000005,87.875,5.7,88.42500000000001,0.35,0.15,0.5,20.0,20.5,55.0,56.1,31.57499999999999,32.125,explicit manufacturer maximum length/width/height from source-matched part fields; assembly allowance is separate,manufacturer max where explicitly listed; otherwise current F.Fab bounding envelope,https://yageogroup.com/content/datasheet/asset/file/pyu-rt_1-to-0-01_rohs_l,check this envelope independently of generic STEP model; no scaling of purchased CAD
R120,F.Cu,RC0603FR-0710KL,False,1.925,92.75,0.0,1.075,92.2875,2.775,93.2125,0.6,0.15,0.75,22.1,22.85,51.475,53.175,26.787499999999994,27.712500000000006,conservative resistor height allowance; exact maximum not separately supplied,manufacturer max where explicitly listed; otherwise current F.Fab bounding envelope,https://yageogroup.com/content/datasheet/asset/file/PYU-RC_GROUP_51_ROHS_L,check this envelope independently of generic STEP model; no scaling of purchased CAD
R121,B.Cu,TNPW060334K0BYEA,False,8.75,84.8,90.0,8.2875,83.95,9.2125,85.65,0.6,0.15,0.75,19.75,20.5,58.6875,59.6125,34.349999999999994,36.05,explicit manufacturer maximum height from the source-matched native part fields,manufacturer max where explicitly listed; otherwise current F.Fab bounding envelope,https://www.vishay.com/docs/28758/tnpw_e3.pdf,check this envelope independently of generic STEP model; no scaling of purchased CAD
R122,B.Cu,TNPW0603649RBYEA,False,10.45,87.8,0.0,9.6,87.3375,11.3,88.2625,0.6,0.15,0.75,19.75,20.5,60.0,61.7,31.737499999999997,32.662499999999994,explicit manufacturer maximum height from the source-matched native part fields,manufacturer max where explicitly listed; otherwise current F.Fab bounding envelope,https://www.vishay.com/docs/28758/tnpw_e3.pdf,check this envelope independently of generic STEP model; no scaling of purchased CAD
R123,B.Cu,TNPW060310K0BYEA,False,13.725,87.6,0.0,12.875,87.1375,14.575,88.0625,0.6,0.15,0.75,19.75,20.5,63.275,64.975,31.9375,32.8625,explicit manufacturer maximum height from the source-matched native part fields,manufacturer max where explicitly listed; otherwise current F.Fab bounding envelope,https://www.vishay.com/docs/28758/tnpw_e3.pdf,check this envelope independently of generic STEP model; no scaling of purchased CAD
R124,B.Cu,TNPW060321K5BEEA,False,16.0,86.35,90.0,15.5375,85.5,16.4625,87.2,0.6,0.15,0.75,19.75,20.5,65.9375,66.8625,32.8,34.5,explicit manufacturer maximum height from the source-matched native part fields,manufacturer max where explicitly listed; otherwise current F.Fab bounding envelope,https://www.vishay.com/docs/28758/tnpw_e3.pdf,check this envelope independently of generic STEP model; no scaling of purchased CAD
R125,B.Cu,TNPW060310K0BEEA,False,17.75,86.95,90.0,17.2875,86.1,18.2125,87.8,0.6,0.15,0.75,19.75,20.5,67.6875,68.6125,32.2,33.900000000000006,explicit manufacturer maximum height from the source-matched native part fields,manufacturer max where explicitly listed; otherwise current F.Fab bounding envelope,https://www.vishay.com/docs/28758/tnpw_e3.pdf,check this envelope independently of generic STEP model; no scaling of purchased CAD
R126,B.Cu,TNPW06031K65BEEA,False,18.75,90.0,90.0,18.2875,89.15,19.2125,90.85,0.6,0.15,0.75,19.75,20.5,68.6875,69.6125,29.150000000000006,30.849999999999994,explicit manufacturer maximum height from the source-matched native part fields,manufacturer max where explicitly listed; otherwise current F.Fab bounding envelope,https://www.vishay.com/docs/28758/tnpw_e3.pdf,check this envelope independently of generic STEP model; no scaling of purchased CAD
R127,B.Cu,RC0603FR-0710KL,False,10.25,92.75,90.0,9.7875,91.9,10.7125,93.6,0.6,0.15,0.75,19.75,20.5,60.1875,61.1125,26.400000000000006,28.099999999999994,explicit manufacturer maximum height from the source-matched native part fields,manufacturer max where explicitly listed; otherwise current F.Fab bounding envelope,https://yageogroup.com/content/datasheet/asset/file/PYU-RC_GROUP_51_ROHS_L,check this envelope independently of generic STEP model; no scaling of purchased CAD
R128,B.Cu,RC0603FR-07100KL,False,8.5,92.75,90.0,8.0375,91.9,8.9625,93.6,0.6,0.15,0.75,19.75,20.5,58.4375,59.3625,26.400000000000006,28.099999999999994,conservative resistor height allowance; exact maximum not separately supplied,manufacturer max where explicitly listed; otherwise current F.Fab bounding envelope,https://yageogroup.com/content/datasheet/asset/file/PYU-RC_GROUP_51_ROHS_L,check this envelope independently of generic STEP model; no scaling of purchased CAD
R201,F.Cu,RC0603FR-071M62L,False,8.8,59.75,0.0,7.95,59.2875,9.65,60.2125,0.6,0.15,0.75,22.1,22.85,58.35,60.05,59.7875,60.7125,conservative resistor height allowance; exact maximum not separately supplied,manufacturer max where explicitly listed; otherwise current F.Fab bounding envelope,https://yageogroup.com/content/datasheet/asset/file/PYU-RC_GROUP_51_ROHS_L,check this envelope independently of generic STEP model; no scaling of purchased CAD
R202,F.Cu,RC0603FR-07180KL,False,8.8,58.05,0.0,7.95,57.5875,9.65,58.5125,0.6,0.15,0.75,22.1,22.85,58.35,60.05,61.4875,62.4125,conservative resistor height allowance; exact maximum not separately supplied,manufacturer max where explicitly listed; otherwise current F.Fab bounding envelope,https://yageogroup.com/content/datasheet/asset/file/PYU-RC_GROUP_51_ROHS_L,check this envelope independently of generic STEP model; no scaling of purchased CAD
R203,F.Cu,RC0603FR-07100KL,False,4.25,67.0,0.0,3.4,66.5375,5.1,67.4625,0.6,0.15,0.75,22.1,22.85,53.8,55.5,52.537499999999994,53.462500000000006,conservative resistor height allowance; exact maximum not separately supplied,manufacturer max where explicitly listed; otherwise current F.Fab bounding envelope,https://yageogroup.com/content/datasheet/asset/file/PYU-RC_GROUP_51_ROHS_L,check this envelope independently of generic STEP model; no scaling of purchased CAD
R301,F.Cu,RC0603FR-0710KL,False,11.95,71.15,0.0,11.1,70.7,12.799999999999999,71.60000000000001,0.55,0.15,0.7000000000000001,22.1,22.8,61.5,63.199999999999996,48.39999999999999,49.3,explicit manufacturer maximum length/width/height from source-matched part fields; assembly allowance is separate,manufacturer max where explicitly listed; otherwise current F.Fab bounding envelope,https://yageogroup.com/component-documentation/download/specsheet/RC0603FR-0710KL,check this envelope independently of generic STEP model; no scaling of purchased CAD
R302,F.Cu,RC0603FR-074K7L,False,3.4,83.5,0.0,2.55,83.0375,4.25,83.9625,0.6,0.15,0.75,22.1,22.85,52.949999999999996,54.65,36.037499999999994,36.962500000000006,conservative resistor height allowance; exact maximum not separately supplied,manufacturer max where explicitly listed; otherwise current F.Fab bounding envelope,https://yageogroup.com/content/datasheet/asset/file/PYU-RC_GROUP_51_ROHS_L,check this envelope independently of generic STEP model; no scaling of purchased CAD
R303,F.Cu,RC0603FR-074K7L,False,19.5,64.5,90.0,19.0375,63.65,19.9625,65.35,0.6,0.15,0.75,22.1,22.85,69.4375,70.3625,54.650000000000006,56.35,conservative resistor height allowance; exact maximum not separately supplied,manufacturer max where explicitly listed; otherwise current F.Fab bounding envelope,https://yageogroup.com/content/datasheet/asset/file/PYU-RC_GROUP_51_ROHS_L,check this envelope independently of generic STEP model; no scaling of purchased CAD
R401,F.Cu,RT0603BRD07100RL,False,8.25,25.5,90.0,7.7875,24.65,8.7125,26.35,0.6,0.15,0.75,22.1,22.85,58.1875,59.1125,93.65,95.35,conservative resistor height allowance; exact maximum not separately supplied,manufacturer max where explicitly listed; otherwise current F.Fab bounding envelope,https://yageogroup.com/content/datasheet/asset/file/pyu-rt_1-to-0-01_rohs_l,check this envelope independently of generic STEP model; no scaling of purchased CAD
R402,F.Cu,RT0603BRD07100RL,False,12.5,18.5,0.0,11.65,18.0375,13.35,18.9625,0.6,0.15,0.75,22.1,22.85,62.05,63.75,101.0375,101.9625,conservative resistor height allowance; exact maximum not separately supplied,manufacturer max where explicitly listed; otherwise current F.Fab bounding envelope,https://yageogroup.com/content/datasheet/asset/file/pyu-rt_1-to-0-01_rohs_l,check this envelope independently of generic STEP model; no scaling of purchased CAD
R403,F.Cu,RC0603FR-071ML,False,1.3,29.759999,90.0,0.8375,28.909999,1.7625,30.609999,0.6,0.15,0.75,22.1,22.85,51.2375,52.1625,89.390001,91.090001,conservative resistor height allowance; exact maximum not separately supplied,manufacturer max where explicitly listed; otherwise current F.Fab bounding envelope,https://yageogroup.com/content/datasheet/asset/file/PYU-RC_GROUP_51_ROHS_L,check this envelope independently of generic STEP model; no scaling of purchased CAD
R404,F.Cu,RC0603FR-071ML,False,1.3,33.0,90.0,0.8375,32.15,1.7625,33.85,0.6,0.15,0.75,22.1,22.85,51.2375,52.1625,86.15,87.85,conservative resistor height allowance; exact maximum not separately supplied,manufacturer max where explicitly listed; otherwise current F.Fab bounding envelope,https://yageogroup.com/content/datasheet/asset/file/PYU-RC_GROUP_51_ROHS_L,check this envelope independently of generic STEP model; no scaling of purchased CAD
R405,F.Cu,RT0603BRD07100RL,False,15.0,33.0,90.0,14.5375,32.15,15.4625,33.85,0.6,0.15,0.75,22.1,22.85,64.9375,65.8625,86.15,87.85,conservative resistor height allowance; exact maximum not separately supplied,manufacturer max where explicitly listed; otherwise current F.Fab bounding envelope,https://yageogroup.com/content/datasheet/asset/file/pyu-rt_1-to-0-01_rohs_l,check this envelope independently of generic STEP model; no scaling of purchased CAD
R406,F.Cu,RT0603BRD07100RL,False,1.3,36.3,90.0,0.8375,35.45,1.7625,37.15,0.6,0.15,0.75,22.1,22.85,51.2375,52.1625,82.85,84.55,conservative resistor height allowance; exact maximum not separately supplied,manufacturer max where explicitly listed; otherwise current F.Fab bounding envelope,https://yageogroup.com/content/datasheet/asset/file/pyu-rt_1-to-0-01_rohs_l,check this envelope independently of generic STEP model; no scaling of purchased CAD
R407,F.Cu,RC0603FR-071ML,False,10.95,30.25,0.0,10.1,29.7875,11.8,30.7125,0.6,0.15,0.75,22.1,22.85,60.5,62.2,89.2875,90.2125,conservative resistor height allowance; exact maximum not separately supplied,manufacturer max where explicitly listed; otherwise current F.Fab bounding envelope,https://yageogroup.com/content/datasheet/asset/file/PYU-RC_GROUP_51_ROHS_L,check this envelope independently of generic STEP model; no scaling of purchased CAD
R408,F.Cu,RC0603FR-071ML,False,14.15,30.25,0.0,13.3,29.7875,15.0,30.7125,0.6,0.15,0.75,22.1,22.85,63.7,65.4,89.2875,90.2125,conservative resistor height allowance; exact maximum not separately supplied,manufacturer max where explicitly listed; otherwise current F.Fab bounding envelope,https://yageogroup.com/content/datasheet/asset/file/PYU-RC_GROUP_51_ROHS_L,check this envelope independently of generic STEP model; no scaling of purchased CAD
R409,F.Cu,RT0603BRD0710KL,False,12.25,36.3,0.0,11.4,35.8375,13.1,36.7625,0.6,0.15,0.75,22.1,22.85,61.8,63.5,83.2375,84.1625,conservative resistor height allowance; exact maximum not separately supplied,manufacturer max where explicitly listed; otherwise current F.Fab bounding envelope,https://yageogroup.com/content/datasheet/asset/file/pyu-rt_1-to-0-01_rohs_l,check this envelope independently of generic STEP model; no scaling of purchased CAD
R410,F.Cu,RT0603BRD0710KL,False,15.5,36.4,0.0,14.65,35.9375,16.35,36.8625,0.6,0.15,0.75,22.1,22.85,65.05,66.75,83.1375,84.0625,conservative resistor height allowance; exact maximum not separately supplied,manufacturer max where explicitly listed; otherwise current F.Fab bounding envelope,https://yageogroup.com/content/datasheet/asset/file/pyu-rt_1-to-0-01_rohs_l,check this envelope independently of generic STEP model; no scaling of purchased CAD
R501,F.Cu,RC0603FR-07100KL,False,2.2,54.2,0.0,1.35,53.7375,3.05,54.6625,0.6,0.15,0.75,22.1,22.85,51.75,53.449999999999996,65.3375,66.2625,conservative resistor height allowance; exact maximum not separately supplied,manufacturer max where explicitly listed; otherwise current F.Fab bounding envelope,https://yageogroup.com/content/datasheet/asset/file/PYU-RC_GROUP_51_ROHS_L,check this envelope independently of generic STEP model; no scaling of purchased CAD
R504,F.Cu,RT0603BRD0710KL,False,18.25,48.0,0.0,17.4,47.5375,19.1,48.4625,0.6,0.15,0.75,22.1,22.85,67.8,69.5,71.5375,72.4625,conservative resistor height allowance; exact maximum not separately supplied,manufacturer max where explicitly listed; otherwise current F.Fab bounding envelope,https://yageogroup.com/content/datasheet/asset/file/pyu-rt_1-to-0-01_rohs_l,check this envelope independently of generic STEP model; no scaling of purchased CAD
R505,F.Cu,RT0603BRD0710KL,False,22.0,44.75,90.0,21.5375,43.9,22.4625,45.6,0.6,0.15,0.75,22.1,22.85,71.9375,72.8625,74.4,76.1,conservative resistor height allowance; exact maximum not separately supplied,manufacturer max where explicitly listed; otherwise current F.Fab bounding envelope,https://yageogroup.com/content/datasheet/asset/file/pyu-rt_1-to-0-01_rohs_l,check this envelope independently of generic STEP model; no scaling of purchased CAD
R506,F.Cu,RT0603BRD07680RL,False,9.0,38.4,0.0,8.15,37.9375,9.85,38.8625,0.6,0.15,0.75,22.1,22.85,58.55,60.25,81.1375,82.0625,conservative resistor height allowance; exact maximum not separately supplied,manufacturer max where explicitly listed; otherwise current F.Fab bounding envelope,https://yageogroup.com/content/datasheet/asset/file/pyu-rt_1-to-0-01_rohs_l,check this envelope independently of generic STEP model; no scaling of purchased CAD
R507,F.Cu,RT0603BRD07680RL,False,3.75,32.25,0.0,2.9,31.7875,4.6,32.7125,0.6,0.15,0.75,22.1,22.85,53.3,55.0,87.2875,88.2125,conservative resistor height allowance; exact maximum not separately supplied,manufacturer max where explicitly listed; otherwise current F.Fab bounding envelope,https://yageogroup.com/content/datasheet/asset/file/pyu-rt_1-to-0-01_rohs_l,check this envelope independently of generic STEP model; no scaling of purchased CAD
R601,F.Cu,RC0603JR-070RL,False,1.25,60.5,90.0,0.7875,59.65,1.7125,61.35,0.6,0.15,0.75,22.1,22.85,51.1875,52.1125,58.65,60.35,conservative resistor height allowance; exact maximum not separately supplied,manufacturer max where explicitly listed; otherwise current F.Fab bounding envelope,https://yageogroup.com/content/datasheet/asset/file/PYU-RC_GROUP_51_ROHS_L,check this envelope independently of generic STEP model; no scaling of purchased CAD
R602,F.Cu,RC0603JR-070RL,True,1.25,63.75,90.0,0.7875,62.9,1.7125,64.6,0.6,0.15,0.75,22.1,22.85,51.1875,52.1125,55.400000000000006,57.1,conservative resistor height allowance; exact maximum not separately supplied,manufacturer max where explicitly listed; otherwise current F.Fab bounding envelope,https://yageogroup.com/content/datasheet/asset/file/PYU-RC_GROUP_51_ROHS_L,check this envelope independently of generic STEP model; no scaling of purchased CAD
R603,F.Cu,RC0603FR-074K7L,True,1.25,67.0,90.0,0.7875,66.15,1.7125,67.85,0.6,0.15,0.75,22.1,22.85,51.1875,52.1125,52.150000000000006,53.849999999999994,conservative resistor height allowance; exact maximum not separately supplied,manufacturer max where explicitly listed; otherwise current F.Fab bounding envelope,https://yageogroup.com/content/datasheet/asset/file/PYU-RC_GROUP_51_ROHS_L,check this envelope independently of generic STEP model; no scaling of purchased CAD
R604,F.Cu,RC0603FR-074K7L,True,1.25,70.25,90.0,0.7875,69.4,1.7125,71.1,0.6,0.15,0.75,22.1,22.85,51.1875,52.1125,48.900000000000006,50.599999999999994,conservative resistor height allowance; exact maximum not separately supplied,manufacturer max where explicitly listed; otherwise current F.Fab bounding envelope,https://yageogroup.com/content/datasheet/asset/file/PYU-RC_GROUP_51_ROHS_L,check this envelope independently of generic STEP model; no scaling of purchased CAD
R701,F.Cu,RT0603BRD07787KL,False,17.05,56.2,90.0,16.5875,55.35,17.5125,57.05,0.6,0.15,0.75,22.1,22.85,66.9875,67.9125,62.95,64.65,conservative resistor height allowance; exact maximum not separately supplied,manufacturer max where explicitly listed; otherwise current F.Fab bounding envelope,https://yageogroup.com/content/datasheet/asset/file/pyu-rt_1-to-0-01_rohs_l,check this envelope independently of generic STEP model; no scaling of purchased CAD
R702,F.Cu,RT0603BRD07100KL,False,18.5,58.65,0.0,17.65,58.1875,19.35,59.1125,0.6,0.15,0.75,22.1,22.85,68.05,69.75,60.8875,61.8125,conservative resistor height allowance; exact maximum not separately supplied,manufacturer max where explicitly listed; otherwise current F.Fab bounding envelope,https://yageogroup.com/content/datasheet/asset/file/pyu-rt_1-to-0-01_rohs_l,check this envelope independently of generic STEP model; no scaling of purchased CAD
R703,F.Cu,RC0603FR-07100KL,False,21.0,63.25,90.0,20.5375,62.4,21.4625,64.1,0.6,0.15,0.75,22.1,22.85,70.9375,71.8625,55.900000000000006,57.6,conservative resistor height allowance; exact maximum not separately supplied,manufacturer max where explicitly listed; otherwise current F.Fab bounding envelope,https://yageogroup.com/content/datasheet/asset/file/PYU-RC_GROUP_51_ROHS_L,check this envelope independently of generic STEP model; no scaling of purchased CAD
R704,F.Cu,RC0603FR-07100RL,False,24.75,33.4,0.0,23.9,32.9375,25.6,33.8625,0.6,0.15,0.75,22.1,22.85,74.3,76.0,86.1375,87.0625,conservative resistor height allowance; exact maximum not separately supplied,manufacturer max where explicitly listed; otherwise current F.Fab bounding envelope,https://yageogroup.com/content/datasheet/asset/file/PYU-RC_GROUP_51_ROHS_L,check this envelope independently of generic STEP model; no scaling of purchased CAD
R705,F.Cu,RC0603FR-07100RL,False,28.0,33.4,0.0,27.15,32.9375,28.85,33.8625,0.6,0.15,0.75,22.1,22.85,77.55,79.25,86.1375,87.0625,conservative resistor height allowance; exact maximum not separately supplied,manufacturer max where explicitly listed; otherwise current F.Fab bounding envelope,https://yageogroup.com/content/datasheet/asset/file/PYU-RC_GROUP_51_ROHS_L,check this envelope independently of generic STEP model; no scaling of purchased CAD
R801,F.Cu,RC0603FR-075K1L,False,4.75,75.0,0.0,3.9,74.5375,5.6,75.4625,0.6,0.15,0.75,22.1,22.85,54.3,56.0,44.537499999999994,45.462500000000006,conservative resistor height allowance; exact maximum not separately supplied,manufacturer max where explicitly listed; otherwise current F.Fab bounding envelope,https://yageogroup.com/content/datasheet/asset/file/PYU-RC_GROUP_51_ROHS_L,check this envelope independently of generic STEP model; no scaling of purchased CAD
R802,F.Cu,RC0603FR-0710KL,False,1.25,73.5,90.0,0.7875,72.65,1.7125,74.35,0.6,0.15,0.75,22.1,22.85,51.1875,52.1125,45.650000000000006,47.349999999999994,conservative resistor height allowance; exact maximum not separately supplied,manufacturer max where explicitly listed; otherwise current F.Fab bounding envelope,https://yageogroup.com/content/datasheet/asset/file/PYU-RC_GROUP_51_ROHS_L,check this envelope independently of generic STEP model; no scaling of purchased CAD
R803,F.Cu,RC0603FR-07100KL,False,1.25,81.25,90.0,0.7875,80.4,1.7125,82.1,0.6,0.15,0.75,22.1,22.85,51.1875,52.1125,37.900000000000006,39.599999999999994,conservative resistor height allowance; exact maximum not separately supplied,manufacturer max where explicitly listed; otherwise current F.Fab bounding envelope,https://yageogroup.com/content/datasheet/asset/file/PYU-RC_GROUP_51_ROHS_L,check this envelope independently of generic STEP model; no scaling of purchased CAD
R804,F.Cu,RC0603FR-071KL,True,1.25,76.75,90.0,0.7875,75.9,1.7125,77.6,0.6,0.15,0.75,22.1,22.85,51.1875,52.1125,42.400000000000006,44.099999999999994,conservative resistor height allowance; exact maximum not separately supplied,manufacturer max where explicitly listed; otherwise current F.Fab bounding envelope,https://yageogroup.com/content/datasheet/asset/file/PYU-RC_GROUP_51_ROHS_L,check this envelope independently of generic STEP model; no scaling of purchased CAD
RN501,F.Cu,ACASN2001U2001P1AT,False,7.2,40.9,0.0,6.4,40.05,8.0,41.75,0.6,0.15,0.75,22.1,22.85,56.8,58.4,78.25,79.95,manufacturer package/part dimension; conservative package maxima where listed,manufacturer max where explicitly listed; otherwise current F.Fab bounding envelope,https://www.vishay.com/doc?28770=,check this envelope independently of generic STEP model; no scaling of purchased CAD
U101,F.Cu,BQ25895RTWR,False,13.0,84.0,0.0,10.95,81.95,15.05,86.05,1.0,0.15,1.15,22.1,23.25,61.349999999999994,65.45,33.95,38.05,manufacturer package/part dimension; conservative package maxima where listed,manufacturer max where explicitly listed; otherwise current F.Fab bounding envelope,http://www.ti.com/lit/ds/symlink/bq25895.pdf,check this envelope independently of generic STEP model; no scaling of purchased CAD
U110,F.Cu,TUSB320LAIRWBR,False,25.2,77.4,0.0,24.375000000000004,76.575,26.025000000000002,78.22500000000001,0.4,0.15,0.55,22.1,22.65,74.775,76.425,41.77499999999999,43.425,manufacturer package/part dimension; conservative package maxima where listed,manufacturer max where explicitly listed; otherwise current F.Fab bounding envelope,https://www.ti.com/lit/ds/symlink/tusb320lai.pdf,check this envelope independently of generic STEP model; no scaling of purchased CAD
U111,F.Cu,PI3USB9201ZTAEX,False,26.45,74.05,0.0,25.425,73.02499999999999,27.474999999999998,75.075,0.65,0.15,0.8,22.1,22.9,75.825,77.875,44.925,46.97500000000001,manufacturer package/part dimension; conservative package maxima where listed,manufacturer max where explicitly listed; otherwise current F.Fab bounding envelope,https://www.diodes.com/datasheet/download/PI3USB9201.pdf,check this envelope independently of generic STEP model; no scaling of purchased CAD
U112,F.Cu,SN74AUP1G74DCUR,False,25.2,80.5,0.0,24.0,79.45,26.4,81.55,0.9,0.15,1.05,22.1,23.15,74.4,76.8,38.45,40.55,manufacturer package/part dimension; conservative package maxima where listed,manufacturer max where explicitly listed; otherwise current F.Fab bounding envelope,https://www.ti.com/lit/ds/symlink/sn74aup1g74.pdf,check this envelope independently of generic STEP model; no scaling of purchased CAD
U113,F.Cu,TPS3808G01DBVR,False,25.0,85.8,0.0,24.15,84.3,25.85,87.3,1.45,0.15,1.5999999999999999,22.1,23.7,74.55,76.25,32.7,35.7,manufacturer package/part dimension; conservative package maxima where listed,manufacturer max where explicitly listed; otherwise current F.Fab bounding envelope,https://www.ti.com/lit/ds/symlink/tps3808.pdf,check this envelope independently of generic STEP model; no scaling of purchased CAD
U114,F.Cu,TPS22950CQDDCRQ1,False,7.5,90.5,180.0,5.975,88.975,9.025,92.025,1.1,0.15,1.25,22.1,23.35,56.375,59.425,27.974999999999994,31.025000000000006,manufacturer package/part dimension; conservative package maxima where listed,manufacturer max where explicitly listed; otherwise current F.Fab bounding envelope,https://www.ti.com/lit/ds/symlink/tps22950-q1.pdf,check this envelope independently of generic STEP model; no scaling of purchased CAD
U115,B.Cu,TPS259470ARPWR,False,14.5,90.0,0.0,13.45,88.95,15.55,91.05,1.0,0.15,1.15,19.35,20.5,63.849999999999994,65.95,28.950000000000003,31.049999999999997,manufacturer package/part dimension; conservative package maxima where listed,manufacturer max where explicitly listed; otherwise current F.Fab bounding envelope,https://www.ti.com/lit/ds/symlink/tps25947.pdf,check this envelope independently of generic STEP model; no scaling of purchased CAD
U201,F.Cu,TPS63020DSJR,False,13.0,61.0,0.0,11.45,58.95,14.55,63.05,1.0,0.15,1.15,22.1,23.25,61.849999999999994,64.95,56.95,61.05,manufacturer package/part dimension; conservative package maxima where listed,manufacturer max where explicitly listed; otherwise current F.Fab bounding envelope,https://www.ti.com/lit/ds/symlink/tps63020.pdf,check this envelope independently of generic STEP model; no scaling of purchased CAD
U301,F.Cu,MAX17048G+T10,False,18.0,69.8,0.0,16.95,68.75,19.05,70.85,0.8,0.15,0.9500000000000001,22.1,23.05,67.35,69.45,49.150000000000006,51.25,manufacturer package/part dimension; conservative package maxima where listed,manufacturer max where explicitly listed; otherwise current F.Fab bounding envelope,https://www.analog.com/media/en/technical-documentation/data-sheets/max17048-max17049.pdf,check this envelope independently of generic STEP model; no scaling of purchased CAD
U302,F.Cu,LM66100DCKR,False,12.0,51.5,0.0,11.325,50.45,12.675,52.55,1.1,0.15,1.25,22.1,23.35,61.724999999999994,63.075,67.45,69.55,manufacturer package/part dimension; conservative package maxima where listed,manufacturer max where explicitly listed; otherwise current F.Fab bounding envelope,https://www.ti.com/lit/ds/symlink/lm66100.pdf,check this envelope independently of generic STEP model; no scaling of purchased CAD
U401,F.Cu,ADS122C04IPWR,False,12.6,23.2,-90.0,10.05,20.95,15.15,25.45,1.2,0.15,1.3499999999999999,22.1,23.45,60.45,65.55,94.55,99.05,manufacturer package/part dimension; conservative package maxima where listed,manufacturer max where explicitly listed; otherwise current F.Fab bounding envelope,https://www.ti.com/lit/ds/symlink/ads122c04.pdf,check this envelope independently of generic STEP model; no scaling of purchased CAD
U501,F.Cu,TPS7A2030PDBVR,False,4.0,45.7,90.0,2.5,44.85,5.5,46.55,1.45,0.15,1.5999999999999999,22.1,23.7,52.9,55.9,73.45,75.15,manufacturer package/part dimension; conservative package maxima where listed,manufacturer max where explicitly listed; otherwise current F.Fab bounding envelope,https://www.ti.com/lit/ds/symlink/tps7a20.pdf,check this envelope independently of generic STEP model; no scaling of purchased CAD
U502,F.Cu,ADS122C04IPWR,False,12.6,42.0,0.0,10.35,39.45,14.85,44.55,1.2,0.15,1.3499999999999999,22.1,23.45,60.75,65.25,75.45,80.55,manufacturer package/part dimension; conservative package maxima where listed,manufacturer max where explicitly listed; otherwise current F.Fab bounding envelope,https://www.ti.com/lit/ds/symlink/ads122c04.pdf,check this envelope independently of generic STEP model; no scaling of purchased CAD
U701,F.Cu,TPS61023DRLR,False,19.5,56.3,0.0,18.85,55.45,20.15,57.15,0.6,0.15,0.75,22.1,22.85,69.25,70.55,62.85,64.55,manufacturer package/part dimension; conservative package maxima where listed,manufacturer max where explicitly listed; otherwise current F.Fab bounding envelope,https://www.ti.com/lit/ds/symlink/tps61023.pdf,check this envelope independently of generic STEP model; no scaling of purchased CAD
U702,F.Cu,TPS7A2030PDBVR,False,19.0,45.4,0.0,18.15,43.9,19.85,46.9,1.45,0.15,1.5999999999999999,22.1,23.7,68.55,70.25,73.1,76.1,manufacturer package/part dimension; conservative package maxima where listed,manufacturer max where explicitly listed; otherwise current F.Fab bounding envelope,https://www.ti.com/lit/ds/symlink/tps7a20.pdf,check this envelope independently of generic STEP model; no scaling of purchased CAD
U703,F.Cu,TXU0202DCUR,False,13.0,46.1,0.0,11.8,45.05,14.2,47.15,0.9,0.15,1.05,22.1,23.15,62.2,64.6,72.85,74.95,manufacturer package/part dimension; conservative package maxima where listed,manufacturer max where explicitly listed; otherwise current F.Fab bounding envelope,https://www.ti.com/lit/ds/symlink/txu0202.pdf,check this envelope independently of generic STEP model; no scaling of purchased CAD
U801,F.Cu,LTC2954CTS8-1#TRMPBF,False,13.6,55.0,0.0,12.75,53.5,14.45,56.5,1.0,0.15,1.15,22.1,23.25,63.15,64.85,63.5,66.5,manufacturer package/part dimension; conservative package maxima where listed,manufacturer max where explicitly listed; otherwise current F.Fab bounding envelope,https://www.analog.com/media/en/technical-documentation/data-sheets/2954fb.pdf,check this envelope independently of generic STEP model; no scaling of purchased CAD
