board,reference,silkscreen_side,component_side,component_type,value_plain_english,schematic_value,board_value,footprint,fit_status,DNP,provisional_footprint,excluded_from_BOM,functional_sheet,function_from_source,function_source_field,function_source_text,assembly_and_selection_notes,manufacturer_field,MPN_field,source_file,source_line,datasheet
Main,C101,Back,Front,Capacitor,1 microfarad / 25 volts X7R / 10%,1u / 25V X7R / 10%,1u / 25V X7R / 10%,Capacitor_SMD:C_0805_2012Metric,Fit in current draft,False,False,False,01  CHARGING + BATTERY,,,,Maximum_body_height_mm: 1.45,TDK,C2012X7R1E105K125AB,hardware/pcb/analyzer/Charging.kicad_sch,5144,https://product.tdk.com/en/search/capacitor/ceramic/mlcc/info?part_no=C2012X7R1E105K125AB
Main,C102,Back,Front,Capacitor,22 microfarads / 16 volts X7R / 20%,22u / 16V X7R / 20%,22u / 16V X7R / 20%,Capacitor_SMD:C_1210_3225Metric,Fit in current draft,False,False,False,01  CHARGING + BATTERY,,,,Maximum_body_height_mm: 2.8; Effective_capacitance_review: 5.5V typical bias~90%; engineering 12.1176u each after .8tol*.85temp*.9aging; combined corners not guaranteed,TDK,C3225X7R1C226M250AC,hardware/pcb/analyzer/Charging.kicad_sch,4598,https://product.tdk.com/en/search/capacitor/ceramic/mlcc/info?part_no=C3225X7R1C226M250AC
Main,C103,Back,Front,Capacitor,47 nanofarads / 50 volts X7R / 10%,47n / 50V X7R / 10%,47n / 50V X7R / 10%,Capacitor_SMD:C_0805_2012Metric,Fit in current draft,False,False,False,01  CHARGING + BATTERY,,,,Maximum_body_height_mm: 0.9,KEMET / YAGEO,C0805C473K5RACTU,hardware/pcb/analyzer/Charging.kicad_sch,5750,https://search.kemet.com/component-documentation/download/specsheet/C0805C473K5RACTU
Main,C104,Back,Front,Capacitor,22 microfarads / 16 volts X7R / 20%,22u / 16V X7R / 20%,22u / 16V X7R / 20%,Capacitor_SMD:C_1210_3225Metric,Fit in current draft,False,False,False,01  CHARGING + BATTERY,,,,Maximum_body_height_mm: 2.8; Effective_capacitance_review: 5.5V typical bias~90%; engineering 12.1176u each after .8tol*.85temp*.9aging; combined corners not guaranteed,TDK,C3225X7R1C226M250AC,hardware/pcb/analyzer/Charging.kicad_sch,4384,https://product.tdk.com/en/search/capacitor/ceramic/mlcc/info?part_no=C3225X7R1C226M250AC
Main,C105,Back,Front,Capacitor,22 microfarads / 16 volts X7R / 20%,22u / 16V X7R / 20%,22u / 16V X7R / 20%,Capacitor_SMD:C_1210_3225Metric,Fit in current draft,False,False,False,01  CHARGING + BATTERY,,,,Maximum_body_height_mm: 2.8; Effective_capacitance_review: 5.5V typical bias~90%; engineering 12.1176u each after .8tol*.85temp*.9aging; combined corners not guaranteed,TDK,C3225X7R1C226M250AC,hardware/pcb/analyzer/Charging.kicad_sch,7161,https://product.tdk.com/en/search/capacitor/ceramic/mlcc/info?part_no=C3225X7R1C226M250AC
Main,C106,Assembly map only,Front,Capacitor,22 microfarads / 25 volts X5R / 20%,22u / 25V X5R / 20%,22u / 25V X5R / 20%,Capacitor_SMD:C_1206_3216Metric,Fit in current draft,False,False,False,01  CHARGING + BATTERY,,,,Maximum_body_height_mm: 1.8; Effective_capacitance_review: 5.5V typical bias~50%; engineering~6.73u each after tolerance/temp/aging; validate ripple/startup,TDK,C3216X5R1E226M160AB,hardware/pcb/analyzer/Charging.kicad_sch,5252,https://product.tdk.com/en/search/capacitor/ceramic/mlcc/info?part_no=C3216X5R1E226M160AB
Main,C107,Back,Front,Capacitor,22 microfarads / 25 volts X5R / 20%,22u / 25V X5R / 20%,22u / 25V X5R / 20%,Capacitor_SMD:C_1206_3216Metric,Fit in current draft,False,False,False,01  CHARGING + BATTERY,,,,Maximum_body_height_mm: 1.8; Effective_capacitance_review: 5.5V typical bias~50%; engineering~6.73u each after tolerance/temp/aging; validate ripple/startup,TDK,C3216X5R1E226M160AB,hardware/pcb/analyzer/Charging.kicad_sch,6006,https://product.tdk.com/en/search/capacitor/ceramic/mlcc/info?part_no=C3216X5R1E226M160AB
Main,D101,Back,Front,Light-emitting diode (LED),CHARGE (red),CHARGE (red),CHARGE (red),LED_SMD:LED_0805_2012Metric,Fit in current draft; PROVISIONAL footprint,False,True,False,01  CHARGING + BATTERY,,,,Package_Status: PROVISIONAL: verify exact purchased part before fabrication; Maximum_body_height_mm: .75,Kingbright,APT2012EC,hardware/pcb/analyzer/Charging.kicad_sch,6446,https://www.kingbrightusa.com/images/catalog/spec/apt2012ec.pdf
Main,J101,Front,Front,Connector,USB HARNESS: 5V/GND/CC1/CC2/D+/D-,USB HARNESS: 5V/GND/CC1/CC2/D+/D-,USB HARNESS: 5V/GND/CC1/CC2/D+/D-,Trimix_Power:USB_Harness_6P_P1.8mm,Fit in current draft; PROVISIONAL footprint,False,True,False,01  CHARGING + BATTERY,,,,Package_Status: PROVISIONAL: verify exact purchased part before fabrication,,,hardware/pcb/analyzer/Charging.kicad_sch,6808,
Main,J102,Back,Front,Connector,PACK PIGTAIL,PACK PIGTAIL,PACK PIGTAIL,Connector_Wire:SolderWire-0.25sqmm_1x02_P4.2mm_D0.65mm_OD1.7mm,Fit in current draft; PROVISIONAL footprint,False,True,False,01  CHARGING + BATTERY,PCB pigtail to RCY/BEC mate; verify red/black polarity; PCB land pending,Connection,PCB pigtail to RCY/BEC mate; verify red/black polarity; PCB land pending,Package_Status: PROVISIONAL: verify exact purchased part before fabrication,,,hardware/pcb/analyzer/Charging.kicad_sch,6271,
Main,J103,Back,Front,Connector,PACK NTC: 103AT-2,PACK NTC: 103AT-2,PACK NTC: 103AT-2,Connector_PinHeader_2.54mm:PinHeader_1x02_P2.54mm_Vertical,Fit in current draft; PROVISIONAL footprint,False,True,False,01  CHARGING + BATTERY,,,,Package_Status: PROVISIONAL: verify exact purchased part before fabrication; Harness_review: New standard2.54mm PCB header; custom sensor/button/NTC harness; actual remote cable polarity/mate remains measured,Harwin,M20-9990246,hardware/pcb/analyzer/Charging.kicad_sch,5634,https://www.harwin.com/products/M20-9990246
Main,J104,Back,Front,Jumper header,ARM: OPEN,ARM: OPEN,ARM: OPEN,Connector_PinHeader_2.54mm:PinHeader_1x02_P2.54mm_Vertical,Fit in current draft,False,False,False,01  CHARGING + BATTERY,Enables autonomous charging even when host power is off,Purpose,Enables autonomous charging even when host power is off,Assembly: Fit header; do not fit shunt before commissioning; Harness_review: New standard2.54mm PCB header; custom sensor/button/NTC harness; actual remote cable polarity/mate remains measured,Harwin,M20-9990246,hardware/pcb/analyzer/Charging.kicad_sch,7278,https://www.harwin.com/products/M20-9990246
Main,L101,Back,Front,Inductor,1 microhenry / 74437349010,1u / 74437349010,1u / 74437349010,Trimix_Power:L_Wurth_74437349010_7050,Fit in current draft; PROVISIONAL footprint,False,True,False,01  CHARGING + BATTERY,,,,Package_Status: PROVISIONAL: verify exact purchased part before fabrication,Würth Elektronik,74437349010,hardware/pcb/analyzer/Charging.kicad_sch,4715,https://www.we-online.com/components/products/datasheet/74437349010.pdf
Main,Q101,Back,Front,N-channel MOSFET transistor,2N7002,2N7002,2N7002,Package_TO_SOT_SMD:SOT-23,Fit in current draft,False,False,False,01  CHARGING + BATTERY,,,,,Diodes Incorporated,2N7002-7-F,hardware/pcb/analyzer/Charging.kicad_sch,6908,https://www.diodes.com/datasheet/download/2N7002.pdf
Main,R101,Back,Front,Resistor,5.23 kilohms 1%,5.23k 1%,5.23k 1%,Resistor_SMD:R_0603_1608Metric,Fit in current draft,False,False,False,01  CHARGING + BATTERY,,,,,YAGEO,RC0603FR-075K23L,hardware/pcb/analyzer/Charging.kicad_sch,7411,https://yageogroup.com/content/datasheet/asset/file/PYU-RC_GROUP_51_ROHS_L
Main,R102,Assembly map only,Front,Resistor,30.1 kilohms 1%,30.1k 1%,30.1k 1%,Resistor_SMD:R_0603_1608Metric,Fit in current draft,False,False,False,01  CHARGING + BATTERY,,,,,YAGEO,RC0603FR-0730K1L,hardware/pcb/analyzer/Charging.kicad_sch,5369,https://yageogroup.com/content/datasheet/asset/file/PYU-RC_GROUP_51_ROHS_L
Main,R103,Back,Front,Resistor,300 ohms / 1% / supported ILIM range,300R / 1% / supported ILIM range,300R / 1% / supported ILIM range,Resistor_SMD:R_0603_1608Metric,Fit in current draft,False,False,False,01  CHARGING + BATTERY,,,,,YAGEO,RC0603FR-07300RL,hardware/pcb/analyzer/Charging.kicad_sch,4946,https://yageogroup.com/content/datasheet/asset/file/PYU-RC_GROUP_51_ROHS_L
Main,R104,Back,Front,Resistor,100 kilohms,100k,100k,Resistor_SMD:R_0603_1608Metric,Fit in current draft,False,False,False,01  CHARGING + BATTERY,,,,,YAGEO,RC0603FR-07100KL,hardware/pcb/analyzer/Charging.kicad_sch,4137,https://yageogroup.com/content/datasheet/asset/file/PYU-RC_GROUP_51_ROHS_L
Main,R105,Back,Front,Resistor,100 kilohms,100k,100k,Resistor_SMD:R_0603_1608Metric,Fit in current draft,False,False,False,01  CHARGING + BATTERY,,,,,YAGEO,RC0603FR-07100KL,hardware/pcb/analyzer/Charging.kicad_sch,6561,https://yageogroup.com/content/datasheet/asset/file/PYU-RC_GROUP_51_ROHS_L
Main,R106,Back,Front,Resistor,2.2 kilohms,2.2k,2.2k,Resistor_SMD:R_0603_1608Metric,Fit in current draft,False,False,False,01  CHARGING + BATTERY,,,,,YAGEO,RC0603FR-072K2L,hardware/pcb/analyzer/Charging.kicad_sch,4501,https://yageogroup.com/content/datasheet/asset/file/PYU-RC_GROUP_51_ROHS_L
Main,R107,Back,Front,Resistor,10 kilohms,10k,10k,Resistor_SMD:R_0603_1608Metric,Fit in current draft,False,False,False,01  CHARGING + BATTERY,,,,,YAGEO,RC0603FR-0710KL,hardware/pcb/analyzer/Charging.kicad_sch,5045,https://yageogroup.com/content/datasheet/asset/file/PYU-RC_GROUP_51_ROHS_L
Main,SW101,Back,Front,Switch,BQ service wake / B3U-1000P,BQ service wake / B3U-1000P,BQ service wake / B3U-1000P,Button_Switch_SMD:SW_SPST_B3U-1000P,Fit in current draft; PROVISIONAL footprint,False,True,False,01  CHARGING + BATTERY,,,,Package_Status: PROVISIONAL: verify exact purchased part before fabrication; Maximum_body_height_mm: 1.75; Assembly: Internal service switch; top actuation with nonconductive tool after rear access,Omron,B3U-1000P,hardware/pcb/analyzer/Charging.kicad_sch,4821,https://components.omron.com/us-en/system/files/2023-01/datasheet_pdf/A162-E1.pdf
Main,U101,Back,Front,Integrated circuit,BQ25895RTWR,BQ25895RTWR,BQ25895RTWR,Package_DFN_QFN:Texas_RTW_WQFN-24-1EP_4x4mm_P0.5mm_EP2.7x2.7mm_ThermalVias,Fit in current draft,False,False,False,01  CHARGING + BATTERY,Single-cell battery charger controlled over I2C.,Description (concise summary),"I2C Controlled Single Cell (Li-Ion / Li-Polymer) 5A Fast Charger with MaxCharge, USB BC1.2 Detection, 3.9..14V VBUS, 3.840..4.608V charge voltage range, 1.5 MHz (buck mode) and 500 kHz /1.5 MHz (boost mode), WQFN-24",,Texas Instruments,BQ25895RTWR,hardware/pcb/analyzer/Charging.kicad_sch,5468,http://www.ti.com/lit/ds/symlink/bq25895.pdf
Main,C201,Back,Front,Capacitor,22 microfarads / 25 volts X5R / 20%,22u / 25V X5R / 20%,22u / 25V X5R / 20%,Capacitor_SMD:C_1206_3216Metric,Fit in current draft,False,False,False,02  SWITCHED 5 V,,,,Maximum_body_height_mm: 1.8; Effective_capacitance_review: 5.5V typical bias~50%; engineering~6.73u each after tolerance/temp/aging; validate ripple/startup,TDK,C3216X5R1E226M160AB,hardware/pcb/analyzer/Supply_5V.kicad_sch,2395,https://product.tdk.com/en/search/capacitor/ceramic/mlcc/info?part_no=C3216X5R1E226M160AB
Main,C202,Back,Front,Capacitor,22 microfarads / 25 volts X5R / 20%,22u / 25V X5R / 20%,22u / 25V X5R / 20%,Capacitor_SMD:C_1206_3216Metric,Fit in current draft,False,False,False,02  SWITCHED 5 V,,,,Maximum_body_height_mm: 1.8; Effective_capacitance_review: 5.5V typical bias~50%; engineering~6.73u each after tolerance/temp/aging; validate ripple/startup,TDK,C3216X5R1E226M160AB,hardware/pcb/analyzer/Supply_5V.kicad_sch,3352,https://product.tdk.com/en/search/capacitor/ceramic/mlcc/info?part_no=C3216X5R1E226M160AB
Main,C203,Back,Front,Capacitor,100 nanofarads / 50 volts X7R / 10%,100n / 50V X7R / 10%,100n / 50V X7R / 10%,Capacitor_SMD:C_0603_1608Metric,Fit in current draft,False,False,False,02  SWITCHED 5 V,,,,Maximum_body_height_mm: 0.9,TDK,C1608X7R1H104K080AA,hardware/pcb/analyzer/Supply_5V.kicad_sch,1991,https://product.tdk.com/en/search/capacitor/ceramic/mlcc/info?part_no=C1608X7R1H104K080AA
Main,C204,Back,Front,Capacitor,22 microfarads / 16 volts X7R / 20%,22u / 16V X7R / 20%,22u / 16V X7R / 20%,Capacitor_SMD:C_1210_3225Metric,Fit in current draft,False,False,False,02  SWITCHED 5 V,,,,Maximum_body_height_mm: 2.8; Effective_capacitance_review: 5.5V typical bias~90%; engineering 12.1176u each after .8tol*.85temp*.9aging; combined corners not guaranteed,TDK,C3225X7R1C226M250AC,hardware/pcb/analyzer/Supply_5V.kicad_sch,2512,https://product.tdk.com/en/search/capacitor/ceramic/mlcc/info?part_no=C3225X7R1C226M250AC
Main,C205,Back,Front,Capacitor,22 microfarads / 16 volts X7R / 20%,22u / 16V X7R / 20%,22u / 16V X7R / 20%,Capacitor_SMD:C_1210_3225Metric,Fit in current draft,False,False,False,02  SWITCHED 5 V,,,,Maximum_body_height_mm: 2.8; Effective_capacitance_review: 5.5V typical bias~90%; engineering 12.1176u each after .8tol*.85temp*.9aging; combined corners not guaranteed,TDK,C3225X7R1C226M250AC,hardware/pcb/analyzer/Supply_5V.kicad_sch,2963,https://product.tdk.com/en/search/capacitor/ceramic/mlcc/info?part_no=C3225X7R1C226M250AC
Main,C206,Back,Front,Capacitor,22 microfarads / 16 volts X7R / 20%,22u / 16V X7R / 20%,22u / 16V X7R / 20%,Capacitor_SMD:C_1210_3225Metric,Fit in current draft,False,False,False,02  SWITCHED 5 V,,,,Maximum_body_height_mm: 2.8; Effective_capacitance_review: 5.5V typical bias~90%; engineering 12.1176u each after .8tol*.85temp*.9aging; combined corners not guaranteed,TDK,C3225X7R1C226M250AC,hardware/pcb/analyzer/Supply_5V.kicad_sch,3617,https://product.tdk.com/en/search/capacitor/ceramic/mlcc/info?part_no=C3225X7R1C226M250AC
Main,L201,Back,Front,Inductor,1.5 microhenries / XGL4030-152MEC,1.5u / XGL4030-152MEC,1.5u / XGL4030-152MEC,Trimix_Power:L_Coilcraft_XGL4030,Fit in current draft,False,False,False,02  SWITCHED 5 V,,,,,Coilcraft,XGL4030-152MEC,hardware/pcb/analyzer/Supply_5V.kicad_sch,2728,https://www.coilcraft.com/pdfs/xgl4030.pdf
Main,R201,Back,Front,Resistor,1.62 megaohms 1%,1.62M 1%,1.62M 1%,Resistor_SMD:R_0603_1608Metric,Fit in current draft,False,False,False,02  SWITCHED 5 V,,,,,YAGEO,RC0603FR-071M62L,hardware/pcb/analyzer/Supply_5V.kicad_sch,3253,https://yageogroup.com/content/datasheet/asset/file/PYU-RC_GROUP_51_ROHS_L
Main,R202,Back,Front,Resistor,180 kilohms 1%,180k 1%,180k 1%,Resistor_SMD:R_0603_1608Metric,Fit in current draft,False,False,False,02  SWITCHED 5 V,,,,,YAGEO,RC0603FR-07180KL,hardware/pcb/analyzer/Supply_5V.kicad_sch,3080,https://yageogroup.com/content/datasheet/asset/file/PYU-RC_GROUP_51_ROHS_L
Main,R203,Back,Front,Resistor,100 kilohms,100k,100k,Resistor_SMD:R_0603_1608Metric,Fit in current draft,False,False,False,02  SWITCHED 5 V,,,,,YAGEO,RC0603FR-07100KL,hardware/pcb/analyzer/Supply_5V.kicad_sch,2629,https://yageogroup.com/content/datasheet/asset/file/PYU-RC_GROUP_51_ROHS_L
Main,U201,Back,Front,Integrated circuit,TPS63020DSJR,TPS63020DSJR,TPS63020DSJR,Trimix_Power:TI_DSJ_14,Fit in current draft,False,False,False,02  SWITCHED 5 V,Adjustable buck-boost voltage converter.,Description (concise summary),"Adjustable buck-boost converter, TI DSJ 14 pin + exposed pad",,Texas Instruments,TPS63020DSJR,hardware/pcb/analyzer/Supply_5V.kicad_sch,2825,https://www.ti.com/lit/ds/symlink/tps63020.pdf
Main,C301,Back,Front,Capacitor,100 nanofarads / 50 volts X7R / 10%,100n / 50V X7R / 10%,100n / 50V X7R / 10%,Capacitor_SMD:C_0805_2012Metric,Fit in current draft,False,False,False,03  GUITION + FUEL GAUGE,,,,Maximum_body_height_mm: 0.88,KEMET / YAGEO,C0805C104K5RACTU,hardware/pcb/analyzer/Gauge_Interface.kicad_sch,4468,https://search.kemet.com/component-documentation/download/specsheet/C0805C104K5RACTU
Main,C302,Back,Front,Capacitor,4.7 microfarads / 16 volts X5R / 10%,4.7u / 16V X5R / 10%,4.7u / 16V X5R / 10%,Capacitor_SMD:C_0603_1608Metric,Fit in current draft,False,False,False,03  GUITION + FUEL GAUGE,,,,Maximum_body_height_mm: 0.9; Effective_capacitance_review: 5.5V engineering estimate .9708u > TPS7A20 .47u effective minimum; at3V more margin; not a guaranteed production corner,TDK,C1608X5R1C475K080AC,hardware/pcb/analyzer/Gauge_Interface.kicad_sch,5355,https://product.tdk.com/en/search/capacitor/ceramic/mlcc/info?part_no=C1608X5R1C475K080AC
Main,C303,Back,Front,Capacitor,4.7 microfarads / 16 volts X5R / 10%,4.7u / 16V X5R / 10%,4.7u / 16V X5R / 10%,Capacitor_SMD:C_0603_1608Metric,Fit in current draft,False,False,False,03  GUITION + FUEL GAUGE,,,,Maximum_body_height_mm: 0.9; Effective_capacitance_review: 5.5V engineering estimate .9708u > TPS7A20 .47u effective minimum; at3V more margin; not a guaranteed production corner,TDK,C1608X5R1C475K080AC,hardware/pcb/analyzer/Gauge_Interface.kicad_sch,5524,https://product.tdk.com/en/search/capacitor/ceramic/mlcc/info?part_no=C1608X5R1C475K080AC
Main,J301,Back,Front,Connector,GUITION JP1 / 2x13,GUITION JP1 / 2x13,GUITION JP1 / 2x13,Connector_PinHeader_2.54mm:PinHeader_2x13_P2.54mm_Vertical,Fit in current draft; PROVISIONAL footprint,False,True,False,03  GUITION + FUEL GAUGE,Pin-for-pin cable to Guition JC4880P443C_I_W JP1,Connection,Pin-for-pin cable to Guition JC4880P443C_I_W JP1,"Mechanical: Verify mating view, header pitch and cable current rating before PCB release; Package_Status: PROVISIONAL: verify exact purchased part before fabrication; Harness_review: Selected board-side2.54mm header,6.1mm exposed pins,8.64mm nominal abovePCB; remote Guition mating connector via custom harness remains measured",Harwin,M20-9981346,hardware/pcb/analyzer/Gauge_Interface.kicad_sch,4576,https://www.harwin.com/products/M20-9981346
Main,R301,Back,Front,Resistor,10 kilohms,10k,10k,Resistor_SMD:R_0603_1608Metric,Fit in current draft,False,False,False,03  GUITION + FUEL GAUGE,,,,,YAGEO,RC0603FR-0710KL,hardware/pcb/analyzer/Gauge_Interface.kicad_sch,4143,https://yageogroup.com/content/datasheet/asset/file/PYU-RC_GROUP_51_ROHS_L
Main,R302,Back,Front,Resistor,4.7 kilohms / FIT,4.7k / FIT,4.7k / FIT,Resistor_SMD:R_0603_1608Metric,Fit in current draft,False,False,False,03  GUITION + FUEL GAUGE,,,,,YAGEO,RC0603FR-074K7L,hardware/pcb/analyzer/Gauge_Interface.kicad_sch,3970,https://yageogroup.com/content/datasheet/asset/file/PYU-RC_GROUP_51_ROHS_L
Main,R303,Back,Front,Resistor,4.7 kilohms / FIT,4.7k / FIT,4.7k / FIT,Resistor_SMD:R_0603_1608Metric,Fit in current draft,False,False,False,03  GUITION + FUEL GAUGE,,,,,YAGEO,RC0603FR-074K7L,hardware/pcb/analyzer/Gauge_Interface.kicad_sch,3871,https://yageogroup.com/content/datasheet/asset/file/PYU-RC_GROUP_51_ROHS_L
Main,U301,Back,Front,Integrated circuit,MAX17048G+,MAX17048G+,MAX17048G+,Package_DFN_QFN:TDFN-8-1EP_2x2mm_P0.5mm_EP0.8x1.2mm,Fit in current draft,False,False,False,03  GUITION + FUEL GAUGE,Single-cell battery fuel gauge.,Description (concise summary),"1S ModelGauge fuel gauge, TDFN8 + grounded exposed pad",,Analog Devices,MAX17048G+T10,hardware/pcb/analyzer/Gauge_Interface.kicad_sch,4879,https://www.analog.com/media/en/technical-documentation/data-sheets/max17048-max17049.pdf
Main,U302,Back,Front,Integrated circuit,LM66100DCKR,LM66100DCKR,LM66100DCKR,Package_TO_SOT_SMD:SOT-363_SC-70-6,Fit in current draft,False,False,False,03  GUITION + FUEL GAUGE,Blocks Guition USB-powered 5V rail from feeding our buck-boost output,Purpose,Blocks Guition USB-powered 5V rail from feeding our buck-boost output,,Texas Instruments,LM66100DCKR,hardware/pcb/analyzer/Gauge_Interface.kicad_sch,5077,https://www.ti.com/lit/ds/symlink/lm66100.pdf
Main,C401,Back,Front,Capacitor,1 microfarad / 16 volts X7R / 10%,1u / 16V X7R / 10%,1u / 16V X7R / 10%,Capacitor_SMD:C_0603_1608Metric,Fit in current draft,False,False,False,04  TWO OXYGEN INPUTS,,,,Maximum_body_height_mm: 0.9,KEMET / YAGEO,C0603C105K4RACTU,hardware/pcb/analyzer/Oxygen.kicad_sch,2838,https://search.kemet.com/component-documentation/download/specsheet/C0603C105K4RACTU
Main,C402,Back,Front,Capacitor,10 nanofarads / 50 volts X7R / 10%,10n / 50V X7R / 10%,10n / 50V X7R / 10%,Capacitor_SMD:C_0603_1608Metric,Fit in current draft,False,False,False,04  TWO OXYGEN INPUTS,,,,Maximum_body_height_mm: 0.9,TDK,C1608X7R1H103K080AA,hardware/pcb/analyzer/Oxygen.kicad_sch,4587,https://product.tdk.com/en/search/capacitor/ceramic/mlcc/info?part_no=C1608X7R1H103K080AA
Main,C403,Back,Front,Capacitor,10 nanofarads / 50 volts X7R / 10%,10n / 50V X7R / 10%,10n / 50V X7R / 10%,Capacitor_SMD:C_0603_1608Metric,Fit in current draft,False,False,False,04  TWO OXYGEN INPUTS,,,,Maximum_body_height_mm: 0.9,TDK,C1608X7R1H103K080AA,hardware/pcb/analyzer/Oxygen.kicad_sch,2625,https://product.tdk.com/en/search/capacitor/ceramic/mlcc/info?part_no=C1608X7R1H103K080AA
Main,C404,Back,Front,Capacitor,1 microfarad / 16 volts X7R / 10%,1u / 16V X7R / 10%,1u / 16V X7R / 10%,Capacitor_SMD:C_0603_1608Metric,Fit in current draft,False,False,False,04  TWO OXYGEN INPUTS,,,,Maximum_body_height_mm: 0.9,KEMET / YAGEO,C0603C105K4RACTU,hardware/pcb/analyzer/Oxygen.kicad_sch,4698,https://search.kemet.com/component-documentation/download/specsheet/C0603C105K4RACTU
Main,C405,Back,Front,Capacitor,10 nanofarads / 50 volts X7R / 10%,10n / 50V X7R / 10%,10n / 50V X7R / 10%,Capacitor_SMD:C_0603_1608Metric,Fit in current draft,False,False,False,04  TWO OXYGEN INPUTS,,,,Maximum_body_height_mm: 0.9,TDK,C1608X7R1H103K080AA,hardware/pcb/analyzer/Oxygen.kicad_sch,2949,https://product.tdk.com/en/search/capacitor/ceramic/mlcc/info?part_no=C1608X7R1H103K080AA
Main,C406,Back,Front,Capacitor,10 nanofarads / 50 volts X7R / 10%,10n / 50V X7R / 10%,10n / 50V X7R / 10%,Capacitor_SMD:C_0603_1608Metric,Fit in current draft,False,False,False,04  TWO OXYGEN INPUTS,,,,Maximum_body_height_mm: 0.9,TDK,C1608X7R1H103K080AA,hardware/pcb/analyzer/Oxygen.kicad_sch,3783,https://product.tdk.com/en/search/capacitor/ceramic/mlcc/info?part_no=C1608X7R1H103K080AA
Main,C407,Back,Front,Capacitor,100 nanofarads / 50 volts X7R / 10%,100n / 50V X7R / 10%,100n / 50V X7R / 10%,Capacitor_SMD:C_0603_1608Metric,Fit in current draft,False,False,False,04  TWO OXYGEN INPUTS,,,,Maximum_body_height_mm: 0.9,TDK,C1608X7R1H104K080AA,hardware/pcb/analyzer/Oxygen.kicad_sch,3570,https://product.tdk.com/en/search/capacitor/ceramic/mlcc/info?part_no=C1608X7R1H104K080AA
Main,C408,Back,Front,Capacitor,1 microfarad / 16 volts X7R / 10%,1u / 16V X7R / 10%,1u / 16V X7R / 10%,Capacitor_SMD:C_0603_1608Metric,Fit in current draft,False,False,False,04  TWO OXYGEN INPUTS,,,,Maximum_body_height_mm: 0.9,KEMET / YAGEO,C0603C105K4RACTU,hardware/pcb/analyzer/Oxygen.kicad_sch,2514,https://search.kemet.com/component-documentation/download/specsheet/C0603C105K4RACTU
Main,C409,Back,Front,Capacitor,1 microfarad / 16 volts X7R / 10%,1u / 16V X7R / 10%,1u / 16V X7R / 10%,Capacitor_SMD:C_0603_1608Metric,Fit in current draft,False,False,False,04  TWO OXYGEN INPUTS,,,,Maximum_body_height_mm: 0.9,KEMET / YAGEO,C0603C105K4RACTU,hardware/pcb/analyzer/Oxygen.kicad_sch,4098,https://search.kemet.com/component-documentation/download/specsheet/C0603C105K4RACTU
Main,J401,Front,Front,Connector,AO2 / 3-pin cable,AO2 / 3-pin cable,AO2 / 3-pin cable,Connector_PinHeader_2.54mm:PinHeader_1x03_P2.54mm_Vertical,Fit in current draft; PROVISIONAL footprint,False,True,False,04  TWO OXYGEN INPUTS,,,,"Assembly_hold: Three-position PCB harness convention only; third position is unused. Verify actual AO2 cable polarity, spare contact and mechanical mate before connection. Provisional header footprint.; Harness_review: New standard2.54mm PCB header; custom sensor/button/NTC harness; actual remote cable polarity/mate remains measured",Harwin,M20-9990346,hardware/pcb/analyzer/Oxygen.kicad_sch,4462,https://www.harwin.com/products/M20-9990346
Main,J402,Front,Front,Connector,SMB male-centre / Amphenol142138,SMB male-centre / Amphenol142138,SMB male-centre / Amphenol142138,Trimix_Power:SMB_Amphenol_142138,Fit in current draft; PROVISIONAL footprint,False,True,False,04  TWO OXYGEN INPUTS,,,,"Assembly_hold: Owned SMB Male PCB. Verify exact footprint and mating sensor connector; center = sensor +, shell = sensor -. Shell must not join GND/chassis.; Package_Status: PROVISIONAL: verify exact purchased part before fabrication; Maximum_body_height_mm: 7.6; Harness_review: Actual R17JJ90degreefemale-SMB elbow envelope remains measured; shell is O2_B_RAW_N",Amphenol RF,142138,hardware/pcb/analyzer/Oxygen.kicad_sch,4209,https://www.amphenolrf.com/en-us/part/142138/883/
Main,R401,Back,Front,Resistor,100 ohms / 0.1%,100R / 0.1%,100R / 0.1%,Resistor_SMD:R_0603_1608Metric,Fit in current draft,False,False,False,04  TWO OXYGEN INPUTS,,,,,YAGEO,RT0603BRD07100RL,hardware/pcb/analyzer/Oxygen.kicad_sch,3681,https://yageogroup.com/content/datasheet/asset/file/pyu-rt_1-to-0-01_rohs_l
Main,R402,Back,Front,Resistor,100 ohms / 0.1%,100R / 0.1%,100R / 0.1%,Resistor_SMD:R_0603_1608Metric,Fit in current draft,False,False,False,04  TWO OXYGEN INPUTS,,,,,YAGEO,RT0603BRD07100RL,hardware/pcb/analyzer/Oxygen.kicad_sch,3996,https://yageogroup.com/content/datasheet/asset/file/pyu-rt_1-to-0-01_rohs_l
Main,R403,Back,Front,Resistor,1 megaohm / 1%,1M / 1%,1M / 1%,Resistor_SMD:R_0603_1608Metric,Fit in current draft,False,False,False,04  TWO OXYGEN INPUTS,,,,,YAGEO,RC0603FR-071ML,hardware/pcb/analyzer/Oxygen.kicad_sch,3264,https://yageogroup.com/content/datasheet/asset/file/PYU-RC_GROUP_51_ROHS_L
Main,R404,Back,Front,Resistor,1 megaohm / 1%,1M / 1%,1M / 1%,Resistor_SMD:R_0603_1608Metric,Fit in current draft,False,False,False,04  TWO OXYGEN INPUTS,,,,,YAGEO,RC0603FR-071ML,hardware/pcb/analyzer/Oxygen.kicad_sch,3468,https://yageogroup.com/content/datasheet/asset/file/PYU-RC_GROUP_51_ROHS_L
Main,R405,Back,Front,Resistor,100 ohms / 0.1%,100R / 0.1%,100R / 0.1%,Resistor_SMD:R_0603_1608Metric,Fit in current draft,False,False,False,04  TWO OXYGEN INPUTS,,,,,YAGEO,RT0603BRD07100RL,hardware/pcb/analyzer/Oxygen.kicad_sch,3162,https://yageogroup.com/content/datasheet/asset/file/pyu-rt_1-to-0-01_rohs_l
Main,R406,Back,Front,Resistor,100 ohms / 0.1%,100R / 0.1%,100R / 0.1%,Resistor_SMD:R_0603_1608Metric,Fit in current draft,False,False,False,04  TWO OXYGEN INPUTS,,,,,YAGEO,RT0603BRD07100RL,hardware/pcb/analyzer/Oxygen.kicad_sch,4360,https://yageogroup.com/content/datasheet/asset/file/pyu-rt_1-to-0-01_rohs_l
Main,R407,Front,Front,Resistor,1 megaohm / 1%,1M / 1%,1M / 1%,Resistor_SMD:R_0603_1608Metric,Fit in current draft,False,False,False,04  TWO OXYGEN INPUTS,,,,,YAGEO,RC0603FR-071ML,hardware/pcb/analyzer/Oxygen.kicad_sch,3366,https://yageogroup.com/content/datasheet/asset/file/PYU-RC_GROUP_51_ROHS_L
Main,R408,Back,Front,Resistor,1 megaohm / 1%,1M / 1%,1M / 1%,Resistor_SMD:R_0603_1608Metric,Fit in current draft,False,False,False,04  TWO OXYGEN INPUTS,,,,,YAGEO,RC0603FR-071ML,hardware/pcb/analyzer/Oxygen.kicad_sch,2736,https://yageogroup.com/content/datasheet/asset/file/PYU-RC_GROUP_51_ROHS_L
Main,R409,Back,Front,Resistor,10 kilohms / 0.1%,10k / 0.1%,10k / 0.1%,Resistor_SMD:R_0603_1608Metric,Fit in current draft,False,False,False,04  TWO OXYGEN INPUTS,,,,,YAGEO,RT0603BRD0710KL,hardware/pcb/analyzer/Oxygen.kicad_sch,3060,https://yageogroup.com/content/datasheet/asset/file/pyu-rt_1-to-0-01_rohs_l
Main,R410,Back,Front,Resistor,10 kilohms / 0.1%,10k / 0.1%,10k / 0.1%,Resistor_SMD:R_0603_1608Metric,Fit in current draft,False,False,False,04  TWO OXYGEN INPUTS,,,,,YAGEO,RT0603BRD0710KL,hardware/pcb/analyzer/Oxygen.kicad_sch,3894,https://yageogroup.com/content/datasheet/asset/file/pyu-rt_1-to-0-01_rohs_l
Main,U401,Back,Front,Integrated circuit,ADS122C04IPWR,ADS122C04IPWR,ADS122C04IPWR,Package_SO:TSSOP-16_4.4x5mm_P0.65mm,Fit in current draft,False,False,False,04  TWO OXYGEN INPUTS,,,,"Package: TI PW TSSOP-16, 0.65 mm pitch; Firmware_contract: Internal 2.048 V reference; 20 SPS normal; signed data; IDAC and burn-out currents OFF; Unused_pins: REFP/REFN and DRDY NC per TI9.1.3; RESET=DVDD; poll DRDY status by I2C; Decoupling: Dedicated local AVDD-AVSS and DVDD-DGND capacitors, each >=100 nF; I2C_address: 0x40",Texas Instruments,ADS122C04IPWR,hardware/pcb/analyzer/Oxygen.kicad_sch,4806,https://www.ti.com/lit/ds/symlink/ads122c04.pdf
Main,C501,Back,Front,Capacitor,4.7 microfarads / 16 volts X5R / 10%,4.7u / 16V X5R / 10%,4.7u / 16V X5R / 10%,Capacitor_SMD:C_0603_1608Metric,Fit in current draft,False,False,False,05  HELIUM BRIDGE,,,,Maximum_body_height_mm: 0.9; Effective_capacitance_review: 5.5V engineering estimate .9708u > TPS7A20 .47u effective minimum; at3V more margin; not a guaranteed production corner,TDK,C1608X5R1C475K080AC,hardware/pcb/analyzer/Helium.kicad_sch,2961,https://product.tdk.com/en/search/capacitor/ceramic/mlcc/info?part_no=C1608X5R1C475K080AC
Main,C502,Back,Front,Capacitor,4.7 microfarads / 16 volts X5R / 10%,4.7u / 16V X5R / 10%,4.7u / 16V X5R / 10%,Capacitor_SMD:C_0603_1608Metric,Fit in current draft,False,False,False,05  HELIUM BRIDGE,,,,Maximum_body_height_mm: 0.9; Effective_capacitance_review: 5.5V engineering estimate .9708u > TPS7A20 .47u effective minimum; at3V more margin; not a guaranteed production corner,TDK,C1608X5R1C475K080AC,hardware/pcb/analyzer/Helium.kicad_sch,3933,https://product.tdk.com/en/search/capacitor/ceramic/mlcc/info?part_no=C1608X5R1C475K080AC
Main,C503,Back,Front,Capacitor,10 nanofarads / 50 volts X7R / 10% / DNP,10n / 50V X7R / 10% / DNP,10n / 50V X7R / 10% / DNP,Capacitor_SMD:C_0603_1608Metric,DNP — do not fit,True,False,False,05  HELIUM BRIDGE,,,,Maximum_body_height_mm: 0.9,TDK,C1608X7R1H103K080AA,hardware/pcb/analyzer/Helium.kicad_sch,3285,https://product.tdk.com/en/search/capacitor/ceramic/mlcc/info?part_no=C1608X7R1H103K080AA
Main,C504,Back,Front,Capacitor,100 nanofarads / 50 volts X7R / 10%,100n / 50V X7R / 10%,100n / 50V X7R / 10%,Capacitor_SMD:C_0603_1608Metric,Fit in current draft,False,False,False,05  HELIUM BRIDGE,,,,Maximum_body_height_mm: 0.9,TDK,C1608X7R1H104K080AA,hardware/pcb/analyzer/Helium.kicad_sch,3822,https://product.tdk.com/en/search/capacitor/ceramic/mlcc/info?part_no=C1608X7R1H104K080AA
Main,C505,Back,Front,Capacitor,1 microfarad / 16 volts X7R / 10%,1u / 16V X7R / 10%,1u / 16V X7R / 10%,Capacitor_SMD:C_0603_1608Metric,Fit in current draft,False,False,False,05  HELIUM BRIDGE,,,,Maximum_body_height_mm: 0.9,KEMET / YAGEO,C0603C105K4RACTU,hardware/pcb/analyzer/Helium.kicad_sch,2617,https://search.kemet.com/component-documentation/download/specsheet/C0603C105K4RACTU
Main,C506,Back,Front,Capacitor,10 nanofarads / 50 volts X7R / 10%,10n / 50V X7R / 10%,10n / 50V X7R / 10%,Capacitor_SMD:C_0603_1608Metric,Fit in current draft,False,False,False,05  HELIUM BRIDGE,,,,Maximum_body_height_mm: 0.9,TDK,C1608X7R1H103K080AA,hardware/pcb/analyzer/Helium.kicad_sch,3396,https://product.tdk.com/en/search/capacitor/ceramic/mlcc/info?part_no=C1608X7R1H103K080AA
Main,C507,Back,Front,Capacitor,10 nanofarads / 50 volts X7R / 10%,10n / 50V X7R / 10%,10n / 50V X7R / 10%,Capacitor_SMD:C_0603_1608Metric,Fit in current draft,False,False,False,05  HELIUM BRIDGE,,,,Maximum_body_height_mm: 0.9,TDK,C1608X7R1H103K080AA,hardware/pcb/analyzer/Helium.kicad_sch,2850,https://product.tdk.com/en/search/capacitor/ceramic/mlcc/info?part_no=C1608X7R1H103K080AA
Main,C508,Back,Front,Capacitor,100 nanofarads / 50 volts X7R / 10%,100n / 50V X7R / 10%,100n / 50V X7R / 10%,Capacitor_SMD:C_0603_1608Metric,Fit in current draft,False,False,False,05  HELIUM BRIDGE,,,,Maximum_body_height_mm: 0.9,TDK,C1608X7R1H104K080AA,hardware/pcb/analyzer/Helium.kicad_sch,3609,https://product.tdk.com/en/search/capacitor/ceramic/mlcc/info?part_no=C1608X7R1H104K080AA
Main,C509,Back,Front,Capacitor,1 microfarad / 16 volts X7R / 10%,1u / 16V X7R / 10%,1u / 16V X7R / 10%,Capacitor_SMD:C_0603_1608Metric,Fit in current draft,False,False,False,05  HELIUM BRIDGE,,,,Maximum_body_height_mm: 0.9,KEMET / YAGEO,C0603C105K4RACTU,hardware/pcb/analyzer/Helium.kicad_sch,4053,https://search.kemet.com/component-documentation/download/specsheet/C0603C105K4RACTU
Main,J501,Back,Front,Connector,MD62 cable / <=30 cm,MD62 cable / <=30 cm,MD62 cable / <=30 cm,Connector_PinHeader_2.54mm:PinHeader_1x03_P2.54mm_Vertical,Fit in current draft; PROVISIONAL footprint,False,True,False,05  HELIUM BRIDGE,,,,Assembly_hold: PROVISIONAL PCB header. Join both inner MD62 leads remotely. D black mark outer lead = GND; C outer lead = +3V.; Harness_review: New standard2.54mm PCB header; custom sensor/button/NTC harness; actual remote cable polarity/mate remains measured,Harwin,M20-9990346,hardware/pcb/analyzer/Helium.kicad_sch,4266,https://www.winsen-sensor.com/d/files/PDF/Thermal%20Conductor%20Gas%20Sensor/MD62%20Manual%20V1.3.pdf
Main,R501,Back,Front,Resistor,100 kilohms,100k,100k,Resistor_SMD:R_0603_1608Metric,Fit in current draft,False,False,False,05  HELIUM BRIDGE,,,,,YAGEO,RC0603FR-07100KL,hardware/pcb/analyzer/Helium.kicad_sch,3507,https://yageogroup.com/content/datasheet/asset/file/PYU-RC_GROUP_51_ROHS_L
Main,R504,Back,Front,Resistor,10 kilohms / 0.1%,10k / 0.1%,10k / 0.1%,Resistor_SMD:R_0603_1608Metric,Fit in current draft,False,False,False,05  HELIUM BRIDGE,,,,,YAGEO,RT0603BRD0710KL,hardware/pcb/analyzer/Helium.kicad_sch,3183,https://yageogroup.com/content/datasheet/asset/file/pyu-rt_1-to-0-01_rohs_l
Main,R505,Back,Front,Resistor,10 kilohms / 0.1%,10k / 0.1%,10k / 0.1%,Resistor_SMD:R_0603_1608Metric,Fit in current draft,False,False,False,05  HELIUM BRIDGE,,,,,YAGEO,RT0603BRD0710KL,hardware/pcb/analyzer/Helium.kicad_sch,3720,https://yageogroup.com/content/datasheet/asset/file/pyu-rt_1-to-0-01_rohs_l
Main,R506,Back,Front,Resistor,680 ohms / 0.1%,680R / 0.1%,680R / 0.1%,Resistor_SMD:R_0603_1608Metric,Fit in current draft,False,False,False,05  HELIUM BRIDGE,,,,,YAGEO,RT0603BRD07680RL,hardware/pcb/analyzer/Helium.kicad_sch,4164,https://yageogroup.com/content/datasheet/asset/file/pyu-rt_1-to-0-01_rohs_l
Main,R507,Back,Front,Resistor,680 ohms / 0.1%,680R / 0.1%,680R / 0.1%,Resistor_SMD:R_0603_1608Metric,Fit in current draft,False,False,False,05  HELIUM BRIDGE,,,,,YAGEO,RT0603BRD07680RL,hardware/pcb/analyzer/Helium.kicad_sch,3081,https://yageogroup.com/content/datasheet/asset/file/pyu-rt_1-to-0-01_rohs_l
Main,RN501,Back,Front,Resistor network,Two matched 2 kilohm resistors; 1:1 divider,2x2k / 1:1 matched,2x2k / 1:1 matched,Trimix_Analog:Vishay_ACAS0606_AT_IEC,Fit in current draft,False,False,False,05  HELIUM BRIDGE,Fixed 1.5 V nominal MD62 bridge reference; software stores signed zero/span,Purpose,Fixed 1.5 V nominal MD62 bridge reference; software stores signed zero/span,"Land_pattern_source: https://www.vishay.com/doc?28950=; Absolute_tolerance: 0.1%; Ratio_matching: 0.05% relative, per Vishay medial-axis definition; TCR_tracking: 5 ppm/K relative; 10 ppm/K absolute (U grade); Ordering_status: Manufacturer ordering-code selection; distributor stock and lead time must be confirmed; Package: ACAS 0606 AT, 1.5 x 1.6 x 0.45 mm nominal; IEC land pattern",Vishay Beyschlag,ACASN2001U2001P1AT,hardware/pcb/analyzer/Helium.kicad_sch,4399,https://www.vishay.com/doc?28770=
Main,U501,Front,Front,Integrated circuit,TPS7A2030PDBVR,TPS7A2030PDBVR,TPS7A2030PDBVR,Package_TO_SOT_SMD:SOT-23-5,Fit in current draft,False,False,False,05  HELIUM BRIDGE,,,,,Texas Instruments,TPS7A2030PDBVR,hardware/pcb/analyzer/Helium.kicad_sch,2728,https://www.ti.com/lit/ds/symlink/tps7a20.pdf
Main,U502,Back,Front,Integrated circuit,ADS122C04IPWR,ADS122C04IPWR,ADS122C04IPWR,Package_SO:TSSOP-16_4.4x5mm_P0.65mm,Fit in current draft,False,False,False,05  HELIUM BRIDGE,,,,"Package: TI PW TSSOP-16, 0.65 mm pitch; Firmware_contract: Internal 2.048 V reference; 20 SPS normal; signed data; IDAC and burn-out currents OFF; Unused_pins: REFP/REFN and DRDY NC per TI9.1.3; RESET=DVDD; poll DRDY status by I2C; Decoupling: Dedicated local AVDD-AVSS and DVDD-DGND capacitors, each >=100 nF; I2C_address: 0x41",Texas Instruments,ADS122C04IPWR,hardware/pcb/analyzer/Helium.kicad_sch,4714,https://www.ti.com/lit/ds/symlink/ads122c04.pdf
Main,C601,Back,Front,Capacitor,1 microfarad / 25 volts X7R / 10%,1u / 25V X7R / 10%,1u / 25V X7R / 10%,Capacitor_SMD:C_0805_2012Metric,Fit in current draft,False,False,False,06  GAS-CHAMBER CLIMATE,,,,Maximum_body_height_mm: 1.45,TDK,C2012X7R1E105K125AB,hardware/pcb/analyzer/Environment.kicad_sch,2145,https://product.tdk.com/en/search/capacitor/ceramic/mlcc/info?part_no=C2012X7R1E105K125AB
Main,J601,Back,Front,Connector,BME280 harness,BME280 harness,BME280 harness,Connector_JST:JST_XH_B4B-XH-A_1x04_P2.50mm_Vertical,Fit in current draft,False,False,False,06  GAS-CHAMBER CLIMATE,,,,Harness_review: New XHP-4 mating housing with SXH-001T-P0.6 contacts; 28-22AWG; remote module pinout must be checked,JST,B4B-XH-A(LF)(SN),hardware/pcb/analyzer/Environment.kicad_sch,2463,https://www.jst-mfg.com/product/pdf/eng/eXH.pdf
Main,Q601,Front,Front,N-channel MOSFET transistor,BSS138,BSS138,BSS138,Package_TO_SOT_SMD:SOT-23,Fit in current draft,False,False,False,06  GAS-CHAMBER CLIMATE,,,,,Diodes Incorporated,BSS138-7-F,hardware/pcb/analyzer/Environment.kicad_sch,2358,https://www.diodes.com/datasheet/download/BSS138.pdf
Main,Q602,Back,Front,N-channel MOSFET transistor,BSS138,BSS138,BSS138,Package_TO_SOT_SMD:SOT-23,Fit in current draft,False,False,False,06  GAS-CHAMBER CLIMATE,,,,,Diodes Incorporated,BSS138-7-F,hardware/pcb/analyzer/Environment.kicad_sch,2040,https://www.diodes.com/datasheet/download/BSS138.pdf
Main,R601,Back,Front,Resistor,0 ohms / fit: 3.3 volts,0R / fit: 3.3 V,0R / fit: 3.3 V,Resistor_SMD:R_0603_1608Metric,Fit in current draft,False,False,False,06  GAS-CHAMBER CLIMATE,,,,,YAGEO,RC0603JR-070RL,hardware/pcb/analyzer/Environment.kicad_sch,2816,https://yageogroup.com/content/datasheet/asset/file/PYU-RC_GROUP_51_ROHS_L
Main,R602,Back,Front,Resistor,0 ohms / DNP: 5 volts option,0R / DNP: 5 V option,0R / DNP: 5 V option,Resistor_SMD:R_0603_1608Metric,DNP — do not fit,True,False,False,06  GAS-CHAMBER CLIMATE,,,,,YAGEO,RC0603JR-070RL,hardware/pcb/analyzer/Environment.kicad_sch,1938,https://yageogroup.com/content/datasheet/asset/file/PYU-RC_GROUP_51_ROHS_L
Main,R603,Back,Front,Resistor,4.7 kilohms / DNP,4.7k / DNP,4.7k / DNP,Resistor_SMD:R_0603_1608Metric,DNP — do not fit,True,False,False,06  GAS-CHAMBER CLIMATE,,,,,YAGEO,RC0603FR-074K7L,hardware/pcb/analyzer/Environment.kicad_sch,2256,https://yageogroup.com/content/datasheet/asset/file/PYU-RC_GROUP_51_ROHS_L
Main,R604,Back,Front,Resistor,4.7 kilohms / DNP,4.7k / DNP,4.7k / DNP,Resistor_SMD:R_0603_1608Metric,DNP — do not fit,True,False,False,06  GAS-CHAMBER CLIMATE,,,,,YAGEO,RC0603FR-074K7L,hardware/pcb/analyzer/Environment.kicad_sch,2580,https://yageogroup.com/content/datasheet/asset/file/PYU-RC_GROUP_51_ROHS_L
Main,C701,Back,Front,Capacitor,22 microfarads / 25 volts X5R / 20%,22u / 25V X5R / 20%,22u / 25V X5R / 20%,Capacitor_SMD:C_1206_3216Metric,Fit in current draft,False,False,False,07  EXPERIMENTAL CO,,,,Maximum_body_height_mm: 1.8; Effective_capacitance_review: 5.5V typical bias~50%; engineering~6.73u each after tolerance/temp/aging; validate ripple/startup,TDK,C3216X5R1E226M160AB,hardware/pcb/analyzer/Carbon_Monoxide.kicad_sch,3541,https://product.tdk.com/en/search/capacitor/ceramic/mlcc/info?part_no=C3216X5R1E226M160AB
Main,C702,Back,Front,Capacitor,22 microfarads / 16 volts X5R / 20%,22u / 16V X5R / 20%,22u / 16V X5R / 20%,Capacitor_SMD:C_0805_2012Metric,Fit in current draft,False,False,False,07  EXPERIMENTAL CO,,,,Maximum_body_height_mm: 1.45; Effective_capacitance_review: Two parallel estimated~7u at5.5V; TPS61023 minimum4u; verify worst-temperature/bias and need for Cff if bank >40u,TDK,C2012X5R1C226M125AC,hardware/pcb/analyzer/Carbon_Monoxide.kicad_sch,4114,https://product.tdk.com/en/search/capacitor/ceramic/mlcc/info?part_no=C2012X5R1C226M125AC
Main,C703,Back,Front,Capacitor,22 microfarads / 16 volts X5R / 20%,22u / 16V X5R / 20%,22u / 16V X5R / 20%,Capacitor_SMD:C_0805_2012Metric,Fit in current draft,False,False,False,07  EXPERIMENTAL CO,,,,Maximum_body_height_mm: 1.45; Effective_capacitance_review: Two parallel estimated~7u at5.5V; TPS61023 minimum4u; verify worst-temperature/bias and need for Cff if bank >40u,TDK,C2012X5R1C226M125AC,hardware/pcb/analyzer/Carbon_Monoxide.kicad_sch,3781,https://product.tdk.com/en/search/capacitor/ceramic/mlcc/info?part_no=C2012X5R1C226M125AC
Main,C704,Back,Front,Capacitor,1 microfarad / 25 volts X7R / 10%,1u / 25V X7R / 10%,1u / 25V X7R / 10%,Capacitor_SMD:C_0805_2012Metric,Fit in current draft,False,False,False,07  EXPERIMENTAL CO,,,,Maximum_body_height_mm: 1.45; Effective_capacitance_review: Engineering retained .55u at5.5V > TPS7A20 .47u effective minimum,TDK,C2012X7R1E105K125AB,hardware/pcb/analyzer/Carbon_Monoxide.kicad_sch,4461,https://product.tdk.com/en/search/capacitor/ceramic/mlcc/info?part_no=C2012X7R1E105K125AB
Main,C705,Back,Front,Capacitor,1 microfarad / 25 volts X7R / 10%,1u / 25V X7R / 10%,1u / 25V X7R / 10%,Capacitor_SMD:C_0805_2012Metric,Fit in current draft,False,False,False,07  EXPERIMENTAL CO,,,,Maximum_body_height_mm: 1.45; Effective_capacitance_review: Engineering retained .55u at5.5V > TPS7A20 .47u effective minimum,TDK,C2012X7R1E105K125AB,hardware/pcb/analyzer/Carbon_Monoxide.kicad_sch,3661,https://product.tdk.com/en/search/capacitor/ceramic/mlcc/info?part_no=C2012X7R1E105K125AB
Main,C706,Back,Front,Capacitor,10 nanofarads / 50 volts X7R / 10% / DNP,10n / 50V X7R / 10% / DNP,10n / 50V X7R / 10% / DNP,Capacitor_SMD:C_0805_2012Metric,DNP — do not fit,True,False,False,07  EXPERIMENTAL CO,,,,Maximum_body_height_mm: 0.88,KEMET / YAGEO,C0805C103K5RACTU,hardware/pcb/analyzer/Carbon_Monoxide.kicad_sch,5144,https://search.kemet.com/component-documentation/download/specsheet/C0805C103K5RACTU
Main,C707,Back,Front,Capacitor,100 nanofarads / 50 volts X7R / 10%,100n / 50V X7R / 10%,100n / 50V X7R / 10%,Capacitor_SMD:C_0805_2012Metric,Fit in current draft,False,False,False,07  EXPERIMENTAL CO,,,,Maximum_body_height_mm: 0.88,KEMET / YAGEO,C0805C104K5RACTU,hardware/pcb/analyzer/Carbon_Monoxide.kicad_sch,4003,https://search.kemet.com/component-documentation/download/specsheet/C0805C104K5RACTU
Main,C708,Back,Front,Capacitor,100 nanofarads / 50 volts X7R / 10%,100n / 50V X7R / 10%,100n / 50V X7R / 10%,Capacitor_SMD:C_0805_2012Metric,Fit in current draft,False,False,False,07  EXPERIMENTAL CO,,,,Maximum_body_height_mm: 0.88,KEMET / YAGEO,C0805C104K5RACTU,hardware/pcb/analyzer/Carbon_Monoxide.kicad_sch,4698,https://search.kemet.com/component-documentation/download/specsheet/C0805C104K5RACTU
Main,J701,Back,Front,Connector,ZE07-CO harness,ZE07-CO harness,ZE07-CO harness,Connector_JST:JST_XH_B4B-XH-A_1x04_P2.50mm_Vertical,Fit in current draft,False,False,False,07  EXPERIMENTAL CO,,,,Harness_review: New XHP-4 mating housing with SXH-001T-P0.6 contacts; 28-22AWG; remote module pinout must be checked,JST,B4B-XH-A(LF)(SN),hardware/pcb/analyzer/Carbon_Monoxide.kicad_sch,4581,https://www.jst-mfg.com/product/pdf/eng/eXH.pdf
Main,L701,Front,Front,Inductor,1 microhenry / XGL4020-102MEC,1u / XGL4020-102MEC,1u / XGL4020-102MEC,Trimix_Power:L_Coilcraft_XGL4020,Fit in current draft; validation required,False,False,False,07  EXPERIMENTAL CO,,,,"Selection: Exact MPN, current, DCR and footprint require qualification",Coilcraft,XGL4020-102MEC,hardware/pcb/analyzer/Carbon_Monoxide.kicad_sch,5644,https://www.coilcraft.com/pdfs/xgl4020.pdf
Main,R701,Back,Front,Resistor,787 kilohms / 0.1%,787k / 0.1%,787k / 0.1%,Resistor_SMD:R_0603_1608Metric,Fit in current draft,False,False,False,07  EXPERIMENTAL CO,,,,,YAGEO,RT0603BRD07787KL,hardware/pcb/analyzer/Carbon_Monoxide.kicad_sch,5255,https://yageogroup.com/content/datasheet/asset/file/pyu-rt_1-to-0-01_rohs_l
Main,R702,Back,Front,Resistor,100 kilohms / 0.1%,100k / 0.1%,100k / 0.1%,Resistor_SMD:R_0603_1608Metric,Fit in current draft,False,False,False,07  EXPERIMENTAL CO,,,,,YAGEO,RT0603BRD07100KL,hardware/pcb/analyzer/Carbon_Monoxide.kicad_sch,5042,https://yageogroup.com/content/datasheet/asset/file/pyu-rt_1-to-0-01_rohs_l
Main,R703,Back,Front,Resistor,100 kilohms,100k,100k,Resistor_SMD:R_0603_1608Metric,Fit in current draft,False,False,False,07  EXPERIMENTAL CO,,,,,YAGEO,RC0603FR-07100KL,hardware/pcb/analyzer/Carbon_Monoxide.kicad_sch,4940,https://yageogroup.com/content/datasheet/asset/file/PYU-RC_GROUP_51_ROHS_L
Main,R704,Back,Front,Resistor,100 ohms,100R,100R,Resistor_SMD:R_0603_1608Metric,Fit in current draft,False,False,False,07  EXPERIMENTAL CO,,,,,YAGEO,RC0603FR-07100RL,hardware/pcb/analyzer/Carbon_Monoxide.kicad_sch,3901,https://yageogroup.com/content/datasheet/asset/file/PYU-RC_GROUP_51_ROHS_L
Main,R705,Back,Front,Resistor,100 ohms,100R,100R,Resistor_SMD:R_0603_1608Metric,Fit in current draft,False,False,False,07  EXPERIMENTAL CO,,,,,YAGEO,RC0603FR-07100RL,hardware/pcb/analyzer/Carbon_Monoxide.kicad_sch,4359,https://yageogroup.com/content/datasheet/asset/file/PYU-RC_GROUP_51_ROHS_L
Main,U701,Front,Front,Integrated circuit,TPS61023DRLR,TPS61023DRLR,TPS61023DRLR,Package_TO_SOT_SMD:SOT-563,Fit in current draft,False,False,False,07  EXPERIMENTAL CO,,,,Stock: New part / not confirmed in stock,Texas Instruments,TPS61023DRLR,hardware/pcb/analyzer/Carbon_Monoxide.kicad_sch,4234,https://www.ti.com/lit/ds/symlink/tps61023.pdf
Main,U702,Back,Front,Integrated circuit,TPS7A2030PDBVR,TPS7A2030PDBVR,TPS7A2030PDBVR,Package_TO_SOT_SMD:SOT-23-5,Fit in current draft,False,False,False,07  EXPERIMENTAL CO,,,,Stock: New part / not confirmed in stock,Texas Instruments,TPS7A2030PDBVR,hardware/pcb/analyzer/Carbon_Monoxide.kicad_sch,4809,https://www.ti.com/lit/ds/symlink/tps7a20.pdf
Main,U703,Back,Front,Integrated circuit,TXU0202DCUR,TXU0202DCUR,TXU0202DCUR,Trimix_Power:TI_DCU8_CompactSilk,Fit in current draft,False,False,False,07  EXPERIMENTAL CO,,,,Stock: New part / not confirmed in stock,Texas Instruments,TXU0202DCUR,hardware/pcb/analyzer/Carbon_Monoxide.kicad_sch,5357,https://www.ti.com/lit/ds/symlink/txu0202.pdf
Main,C801,Back,Front,Capacitor,100 nanofarads / 50 volts X7R / 10%,100n / 50V X7R / 10%,100n / 50V X7R / 10%,Capacitor_SMD:C_0603_1608Metric,Fit in current draft,False,False,False,08  PUSH-BUTTON ON / OFF,,,,Maximum_body_height_mm: 0.9,TDK,C1608X7R1H104K080AA,hardware/pcb/analyzer/Power_Control.kicad_sch,1728,https://product.tdk.com/en/search/capacitor/ceramic/mlcc/info?part_no=C1608X7R1H104K080AA
Main,C802,Back,Front,Capacitor,100 nanofarads / 50 volts X7R / 10%,100n / 50V X7R / 10%,100n / 50V X7R / 10%,Capacitor_SMD:C_0603_1608Metric,Fit in current draft,False,False,False,08  PUSH-BUTTON ON / OFF,,,,Maximum_body_height_mm: 0.9,TDK,C1608X7R1H104K080AA,hardware/pcb/analyzer/Power_Control.kicad_sch,2070,https://product.tdk.com/en/search/capacitor/ceramic/mlcc/info?part_no=C1608X7R1H104K080AA
Main,C803,Back,Front,Capacitor,33 nanofarads / 50 volts X7R / 10%,33n / 50V X7R / 10%,33n / 50V X7R / 10%,Capacitor_SMD:C_0805_2012Metric,Fit in current draft,False,False,False,08  PUSH-BUTTON ON / OFF,,,,Maximum_body_height_mm: 0.88,KEMET / YAGEO,C0805C333K5RACTU,hardware/pcb/analyzer/Power_Control.kicad_sch,2423,https://search.kemet.com/component-documentation/download/specsheet/C0805C333K5RACTU
Main,C804,Back,Front,Capacitor,1 microfarad / 16 volts X7R / 10%,1u / 16V X7R / 10%,1u / 16V X7R / 10%,Capacitor_SMD:C_0603_1608Metric,Fit in current draft,False,False,False,08  PUSH-BUTTON ON / OFF,,,,Maximum_body_height_mm: 0.9,KEMET / YAGEO,C0603C105K4RACTU,hardware/pcb/analyzer/Power_Control.kicad_sch,2312,https://search.kemet.com/component-documentation/download/specsheet/C0603C105K4RACTU
Main,J801,Front,Front,Connector,POWER BUTTON / 1NO,POWER BUTTON / 1NO,POWER BUTTON / 1NO,Connector_PinHeader_2.54mm:PinHeader_1x02_P2.54mm_Vertical,Fit in current draft; PROVISIONAL footprint,False,True,False,08  PUSH-BUTTON ON / OFF,Panel momentary normally-open contact; no load current,Connection,Panel momentary normally-open contact; no load current,Package_Status: PROVISIONAL: verify exact purchased part before fabrication; Harness_review: New standard2.54mm PCB header; custom sensor/button/NTC harness; actual remote cable polarity/mate remains measured,Harwin,M20-9990246,hardware/pcb/analyzer/Power_Control.kicad_sch,1839,https://www.harwin.com/products/M20-9990246
Main,J802,Front,Front,Connector,BUTTON LED +/-,BUTTON LED +/-,BUTTON LED +/-,Connector_PinHeader_2.54mm:PinHeader_1x02_P2.54mm_Vertical,Fit in current draft; PROVISIONAL footprint,False,True,False,08  PUSH-BUTTON ON / OFF,,,,Assembly: Keep R804 DNP until button LED voltage/polarity is confirmed; Package_Status: PROVISIONAL: verify exact purchased part before fabrication; Harness_review: New standard2.54mm PCB header; custom sensor/button/NTC harness; actual remote cable polarity/mate remains measured,Harwin,M20-9990246,hardware/pcb/analyzer/Power_Control.kicad_sch,2181,https://www.harwin.com/products/M20-9990246
Main,R801,Front,Front,Resistor,5.1 kilohms,5.1k,5.1k,Resistor_SMD:R_0603_1608Metric,Fit in current draft,False,False,False,08  PUSH-BUTTON ON / OFF,,,,,YAGEO,RC0603FR-075K1L,hardware/pcb/analyzer/Power_Control.kicad_sch,2738,https://yageogroup.com/content/datasheet/asset/file/PYU-RC_GROUP_51_ROHS_L
Main,R802,Back,Front,Resistor,10 kilohms,10k,10k,Resistor_SMD:R_0603_1608Metric,Fit in current draft,False,False,False,08  PUSH-BUTTON ON / OFF,,,,,YAGEO,RC0603FR-0710KL,hardware/pcb/analyzer/Power_Control.kicad_sch,2534,https://yageogroup.com/content/datasheet/asset/file/PYU-RC_GROUP_51_ROHS_L
Main,R803,Back,Front,Resistor,100 kilohms,100k,100k,Resistor_SMD:R_0603_1608Metric,Fit in current draft,False,False,False,08  PUSH-BUTTON ON / OFF,,,,,YAGEO,RC0603FR-07100KL,hardware/pcb/analyzer/Power_Control.kicad_sch,1968,https://yageogroup.com/content/datasheet/asset/file/PYU-RC_GROUP_51_ROHS_L
Main,R804,Back,Front,Resistor,1 kilohm / DNP,1k / DNP,1k / DNP,Resistor_SMD:R_0603_1608Metric,DNP — do not fit,True,False,False,08  PUSH-BUTTON ON / OFF,,,,,YAGEO,RC0603FR-071KL,hardware/pcb/analyzer/Power_Control.kicad_sch,2636,https://yageogroup.com/content/datasheet/asset/file/PYU-RC_GROUP_51_ROHS_L
Main,U801,Back,Front,Integrated circuit,LTC2954CTS8-1,LTC2954CTS8-1,LTC2954CTS8-1,Package_TO_SOT_SMD:TSOT-23-8,Fit in current draft,False,False,False,08  PUSH-BUTTON ON / OFF,Push-button controller.,Description (concise summary),"LTC2954-1 positive-enable pushbutton controller, TSOT-23-8 pinout",,Analog Devices,LTC2954CTS8-1#TRMPBF,hardware/pcb/analyzer/Power_Control.kicad_sch,2840,https://www.analog.com/media/en/technical-documentation/data-sheets/2954fb.pdf
Main,TP1001,Back,Front,Test pad,GND,GND,GND,TestPoint:TestPoint_Pad_D1.0mm,Bare test pad; no fitted component,False,False,True,10  TEST PADS + BRING-UP,,,,,,,hardware/pcb/analyzer/Testpoints.kicad_sch,134,
Main,TP1002,Back,Front,Test pad,USB_5V,USB_5V,USB_5V,TestPoint:TestPoint_Pad_D1.0mm,Bare test pad; no fitted component,False,False,True,10  TEST PADS + BRING-UP,,,,,,,hardware/pcb/analyzer/Testpoints.kicad_sch,147,
Main,TP1003,Front,Front,Test pad,PACK_P,PACK_P,PACK_P,TestPoint:TestPoint_Pad_D1.0mm,Bare test pad; no fitted component,False,False,True,10  TEST PADS + BRING-UP,,,,,,,hardware/pcb/analyzer/Testpoints.kicad_sch,160,
Main,TP1004,Front,Front,Test pad,VSYS,VSYS,VSYS,TestPoint:TestPoint_Pad_D1.0mm,Bare test pad; no fitted component,False,False,True,10  TEST PADS + BRING-UP,,,,,,,hardware/pcb/analyzer/Testpoints.kicad_sch,173,
Main,TP1005,Front,Front,Test pad,VOUT_5V,VOUT_5V,VOUT_5V,TestPoint:TestPoint_Pad_D1.0mm,Bare test pad; no fitted component,False,False,True,10  TEST PADS + BRING-UP,,,,,,,hardware/pcb/analyzer/Testpoints.kicad_sch,188,
Main,TP1006,Back,Front,Test pad,HOST_3V3,HOST_3V3,HOST_3V3,TestPoint:TestPoint_Pad_D1.0mm,Bare test pad; no fitted component,False,False,True,10  TEST PADS + BRING-UP,,,,,,,hardware/pcb/analyzer/Testpoints.kicad_sch,201,
Main,TP1007,Back,Front,Test pad,POWER_EN,POWER_EN,POWER_EN,TestPoint:TestPoint_Pad_D1.0mm,Bare test pad; no fitted component,False,False,True,10  TEST PADS + BRING-UP,,,,,,,hardware/pcb/analyzer/Testpoints.kicad_sch,214,
Main,TP1008,Back,Front,Test pad,I2C_SCL,I2C_SCL,I2C_SCL,TestPoint:TestPoint_Pad_D1.0mm,Bare test pad; no fitted component,False,False,True,10  TEST PADS + BRING-UP,,,,,,,hardware/pcb/analyzer/Testpoints.kicad_sch,227,
Main,TP1009,Back,Front,Test pad,I2C_SDA,I2C_SDA,I2C_SDA,TestPoint:TestPoint_Pad_D1.0mm,Bare test pad; no fitted component,False,False,True,10  TEST PADS + BRING-UP,,,,,,,hardware/pcb/analyzer/Testpoints.kicad_sch,242,
Main,TP1010,Front,Front,Test pad,HE_3V0,HE_3V0,HE_3V0,TestPoint:TestPoint_Pad_D1.0mm,Bare test pad; no fitted component,False,False,True,10  TEST PADS + BRING-UP,,,,,,,hardware/pcb/analyzer/Testpoints.kicad_sch,255,
Main,TP1011,Back,Front,Test pad,HE_SENSE,HE_SENSE,HE_SENSE,TestPoint:TestPoint_Pad_D1.0mm,Bare test pad; no fitted component,False,False,True,10  TEST PADS + BRING-UP,,,,,,,hardware/pcb/analyzer/Testpoints.kicad_sch,268,
Main,TP1012,Back,Front,Test pad,O2_VMID,O2_VMID,O2_VMID,TestPoint:TestPoint_Pad_D1.0mm,Bare test pad; no fitted component,False,False,True,10  TEST PADS + BRING-UP,,,,,,,hardware/pcb/analyzer/Testpoints.kicad_sch,281,
Main,C110,Back,Front,Capacitor,100 nanofarads / 50 volts X7R / 10%,100n / 50V X7R / 10%,100n / 50V X7R / 10%,Capacitor_SMD:C_0603_1608Metric,Fit in current draft,False,False,False,11  USB SOURCE QUALIFICATION,,,,Maximum_body_height_mm: 0.9,TDK,C1608X7R1H104K080AA,hardware/pcb/analyzer/USB_Source_Control.kicad_sch,2418,https://product.tdk.com/en/search/capacitor/ceramic/mlcc/info?part_no=C1608X7R1H104K080AA
Main,C111,Back,Front,Capacitor,100 nanofarads / 50 volts X7R / 10%,100n / 50V X7R / 10%,100n / 50V X7R / 10%,Capacitor_SMD:C_0603_1608Metric,Fit in current draft,False,False,False,11  USB SOURCE QUALIFICATION,,,,Maximum_body_height_mm: 0.9,TDK,C1608X7R1H104K080AA,hardware/pcb/analyzer/USB_Source_Control.kicad_sch,3030,https://product.tdk.com/en/search/capacitor/ceramic/mlcc/info?part_no=C1608X7R1H104K080AA
Main,C112,Back,Front,Capacitor,100 nanofarads / 50 volts X7R / 10%,100n / 50V X7R / 10%,100n / 50V X7R / 10%,Capacitor_SMD:C_0603_1608Metric,Fit in current draft,False,False,False,11  USB SOURCE QUALIFICATION,,,,Maximum_body_height_mm: 0.9,TDK,C1608X7R1H104K080AA,hardware/pcb/analyzer/USB_Source_Control.kicad_sch,4096,https://product.tdk.com/en/search/capacitor/ceramic/mlcc/info?part_no=C1608X7R1H104K080AA
Main,C113,Back,Front,Capacitor,100 nanofarads / 50 volts X7R / 10%,100n / 50V X7R / 10%,100n / 50V X7R / 10%,Capacitor_SMD:C_0603_1608Metric,Fit in current draft,False,False,False,11  USB SOURCE QUALIFICATION,,,,Maximum_body_height_mm: 0.9,TDK,C1608X7R1H104K080AA,hardware/pcb/analyzer/USB_Source_Control.kicad_sch,4622,https://product.tdk.com/en/search/capacitor/ceramic/mlcc/info?part_no=C1608X7R1H104K080AA
Main,Q110,Back,Front,Transistor,DMN2056U-7,DMN2056U-7,DMN2056U-7,Package_TO_SOT_SMD:SOT-23,Fit in current draft,False,False,False,11  USB SOURCE QUALIFICATION,,,,,Diodes Incorporated,DMN2056U-7,hardware/pcb/analyzer/USB_Source_Control.kicad_sch,4933,http://www.diodes.com/assets/Datasheets/DMN2056U.pdf
Main,Q111,Back,Front,Transistor,DMN2056U-7,DMN2056U-7,DMN2056U-7,Package_TO_SOT_SMD:SOT-23,Fit in current draft,False,False,False,11  USB SOURCE QUALIFICATION,,,,,Diodes Incorporated,DMN2056U-7,hardware/pcb/analyzer/USB_Source_Control.kicad_sch,5118,http://www.diodes.com/assets/Datasheets/DMN2056U.pdf
Main,R110,Back,Front,Resistor,887 kilohms / 1%,887k / 1%,887k / 1%,Resistor_SMD:R_0603_1608Metric,Fit in current draft,False,False,False,11  USB SOURCE QUALIFICATION,,,,,YAGEO,RC0603FR-07887KL,hardware/pcb/analyzer/USB_Source_Control.kicad_sch,2116,https://yageogroup.com/content/datasheet/asset/file/PYU-RC_GROUP_51_ROHS_L
Main,R111,Back,Front,Resistor,33 kilohms / 1%,33k / 1%,33k / 1%,Resistor_SMD:R_0603_1608Metric,Fit in current draft,False,False,False,11  USB SOURCE QUALIFICATION,,,,,YAGEO,RC0603FR-0733KL,hardware/pcb/analyzer/USB_Source_Control.kicad_sch,2267,https://yageogroup.com/content/datasheet/asset/file/PYU-RC_GROUP_51_ROHS_L
Main,R112,Back,Front,Resistor,10 kilohms / 1%,10k / 1%,10k / 1%,Resistor_SMD:R_0603_1608Metric,Fit in current draft,False,False,False,11  USB SOURCE QUALIFICATION,,,,,YAGEO,RC0603FR-0710KL,hardware/pcb/analyzer/USB_Source_Control.kicad_sch,3190,https://yageogroup.com/content/datasheet/asset/file/PYU-RC_GROUP_51_ROHS_L
Main,R113,Back,Front,Resistor,97.6 kilohms / 0.1%,97.6k / 0.1%,97.6k / 0.1%,Resistor_SMD:R_0603_1608Metric,Fit in current draft,False,False,False,11  USB SOURCE QUALIFICATION,,,,,YAGEO,RT0603BRD0797K6L,hardware/pcb/analyzer/USB_Source_Control.kicad_sch,3643,https://yageogroup.com/content/datasheet/asset/file/pyu-rt_1-to-0-01_rohs_l
Main,R114,Back,Front,Resistor,10 kilohms / 0.1%,10k / 0.1%,10k / 0.1%,Resistor_SMD:R_0603_1608Metric,Fit in current draft,False,False,False,11  USB SOURCE QUALIFICATION,,,,,YAGEO,RT0603BRD0710KL,hardware/pcb/analyzer/USB_Source_Control.kicad_sch,3794,https://yageogroup.com/content/datasheet/asset/file/pyu-rt_1-to-0-01_rohs_l
Main,R115,Assembly map only,Front,Resistor,10 kilohms / 1%,10k / 1%,10k / 1%,Resistor_SMD:R_0603_1608Metric,Fit in current draft,False,False,False,11  USB SOURCE QUALIFICATION,,,,,YAGEO,RC0603FR-0710KL,hardware/pcb/analyzer/USB_Source_Control.kicad_sch,3945,https://yageogroup.com/content/datasheet/asset/file/PYU-RC_GROUP_51_ROHS_L
Main,R116,Assembly map only,Front,Resistor,1 kilohm / 0.1%,1k / 0.1%,1k / 0.1%,Resistor_SMD:R_0603_1608Metric,Fit in current draft,False,False,False,11  USB SOURCE QUALIFICATION,,,,,YAGEO,RT0603BRD071KL,hardware/pcb/analyzer/USB_Source_Control.kicad_sch,4782,https://yageogroup.com/content/datasheet/asset/file/pyu-rt_1-to-0-01_rohs_l
Main,R117,Back,Front,Resistor,100 kilohms / 1%,100k / 1%,100k / 1%,Resistor_SMD:R_0603_1608Metric,Fit in current draft,False,False,False,11  USB SOURCE QUALIFICATION,,,,,YAGEO,RC0603FR-07100KL,hardware/pcb/analyzer/USB_Source_Control.kicad_sch,5303,https://yageogroup.com/content/datasheet/asset/file/PYU-RC_GROUP_51_ROHS_L
Main,R118,Back,Front,Resistor,100 kilohms / 1%,100k / 1%,100k / 1%,Resistor_SMD:R_0603_1608Metric,Fit in current draft,False,False,False,11  USB SOURCE QUALIFICATION,,,,,YAGEO,RC0603FR-07100KL,hardware/pcb/analyzer/USB_Source_Control.kicad_sch,5454,https://yageogroup.com/content/datasheet/asset/file/PYU-RC_GROUP_51_ROHS_L
Main,U110,Back,Front,Integrated circuit,TUSB320LAIRWBR,TUSB320LAIRWBR,TUSB320LAIRWBR,Package_DFN_QFN:Texas_X2QFN-12_1.6x1.6mm_P0.4mm,Fit in current draft,False,False,False,11  USB SOURCE QUALIFICATION,,,,,Texas Instruments,TUSB320LAIRWBR,hardware/pcb/analyzer/USB_Source_Control.kicad_sch,1643,https://www.ti.com/lit/ds/symlink/tusb320lai.pdf
Main,U111,Back,Front,Integrated circuit,PI3USB9201ZTAEX,PI3USB9201ZTAEX,PI3USB9201ZTAEX,Trimix_Power:PI3USB9201_UQFN2020_12_TypeC,Fit in current draft,False,False,False,11  USB SOURCE QUALIFICATION,,,,,Diodes Incorporated,PI3USB9201ZTAEX,hardware/pcb/analyzer/USB_Source_Control.kicad_sch,2611,https://www.diodes.com/datasheet/download/PI3USB9201.pdf
Main,U112,Back,Front,Integrated circuit,SN74AUP1G74DCUR,SN74AUP1G74DCUR,SN74AUP1G74DCUR,Package_SO:VSSOP-8_2.3x2mm_P0.5mm,Fit in current draft,False,False,False,11  USB SOURCE QUALIFICATION,,,,,Texas Instruments,SN74AUP1G74DCUR,hardware/pcb/analyzer/USB_Source_Control.kicad_sch,4289,https://www.ti.com/lit/ds/symlink/sn74aup1g74.pdf
Main,U113,Front,Front,Integrated circuit,TPS3808G01DBVR,TPS3808G01DBVR,TPS3808G01DBVR,Package_TO_SOT_SMD:SOT-23-6,Fit in current draft,False,False,False,11  USB SOURCE QUALIFICATION,,,,,Texas Instruments,TPS3808G01DBVR,hardware/pcb/analyzer/USB_Source_Control.kicad_sch,3374,https://www.ti.com/lit/ds/symlink/tps3808.pdf
Main,C114,Back,Back,Capacitor,4.7 microfarads / 25 volts X7R / 10%,4.7u / 25V X7R / 10%,4.7u / 25V X7R / 10%,Capacitor_SMD:C_1206_3216Metric,Fit in current draft,False,False,False,12  USB INPUT LIMITER,,,,Maximum_body_height_mm: 1.8; Effective_capacitance_review: 5.5V engineering estimate .9708u > TPS7A20 .47u effective minimum; at3V more margin; not a guaranteed production corner,TDK,C3216X7R1E475K160AC,hardware/pcb/analyzer/USB_Input_Limiter.kicad_sch,1176,https://product.tdk.cn/system/files/dam/doc/product/capacitor/ceramic/mlcc/charasheet/c3216x7r1e475k160ac.pdf
Main,R119,Assembly map only,Front,Resistor,19.2 kilohms / 0.1%,19.2k / 0.1%,19.2k / 0.1%,Resistor_SMD:R_0603_1608Metric,Fit in current draft,False,False,False,12  USB INPUT LIMITER,,,,,YAGEO,RT0603BRD0719K2L,hardware/pcb/analyzer/USB_Input_Limiter.kicad_sch,1025,https://yageogroup.com/content/datasheet/asset/file/pyu-rt_1-to-0-01_rohs_l
Main,R120,Back,Front,Resistor,10 kilohms / 1%,10k / 1%,10k / 1%,Resistor_SMD:R_0603_1608Metric,Fit in current draft,False,False,False,12  USB INPUT LIMITER,,,,,YAGEO,RC0603FR-0710KL,hardware/pcb/analyzer/USB_Input_Limiter.kicad_sch,1345,https://yageogroup.com/content/datasheet/asset/file/PYU-RC_GROUP_51_ROHS_L
Main,U114,Back,Front,Integrated circuit,TPS22950CQDDCRQ1,TPS22950CQDDCRQ1,TPS22950CQDDCRQ1,Trimix_Power:TI_DDC0006A,Fit in current draft,False,False,False,12  USB INPUT LIMITER,,,,Maximum_body_height_mm: 1.1; Assembly: Factory SMT preferred; accessible leaded DDC6 package,Texas Instruments,TPS22950CQDDCRQ1,hardware/pcb/analyzer/USB_Input_Limiter.kicad_sch,711,https://www.ti.com/lit/ds/symlink/tps22950-q1.pdf
Main,C115,Back,Back,Capacitor,100 nanofarads / 50 volts X7R,100n / 50V X7R,100n / 50V X7R,Capacitor_SMD:C_0603_1608Metric,Fit in current draft,False,False,False,13  USB OVERVOLTAGE PROTECTION,,,,Maximum_body_height_mm: .9,TDK,C1608X7R1H104K080AA,hardware/pcb/analyzer/USB_Overvoltage.kicad_sch,1340,https://product.tdk.com/en/search/capacitor/ceramic/mlcc/info?part_no=C1608X7R1H104K080AA
Main,C116,Back,Back,Capacitor,3.3 nanofarads / 50 volts C0G / 5%,3.3n / 50V C0G / 5%,3.3n / 50V C0G / 5%,Capacitor_SMD:C_0603_1608Metric,Fit in current draft,False,False,False,13  USB OVERVOLTAGE PROTECTION,,,,Maximum_body_height_mm: .9,TDK,C1608C0G1H332J080AA,hardware/pcb/analyzer/USB_Overvoltage.kicad_sch,1500,https://product.tdk.com/en/search/capacitor/ceramic/mlcc/info?part_no=C1608C0G1H332J080AA
Main,Q112,Back,Front,Transistor,DMN2056U-7,DMN2056U-7,DMN2056U-7,Package_TO_SOT_SMD:SOT-23,Fit in current draft,False,False,False,13  USB OVERVOLTAGE PROTECTION,,,,Maximum_body_height_mm: 1.1,Diodes Incorporated,DMN2056U-7,hardware/pcb/analyzer/USB_Overvoltage.kicad_sch,2846,https://www.diodes.com/assets/Datasheets/DMN2056U.pdf
Main,R121,Back,Back,Resistor,34 kilohms / 0.1% / 10ppm,34k / 0.1% / 10ppm,34k / 0.1% / 10ppm,Resistor_SMD:R_0603_1608Metric,Fit in current draft,False,False,False,13  USB OVERVOLTAGE PROTECTION,,,,Maximum_body_height_mm: .6,Vishay,TNPW060334K0BYEA,hardware/pcb/analyzer/USB_Overvoltage.kicad_sch,1843,https://www.vishay.com/docs/28758/tnpw_e3.pdf
Main,R122,Back,Back,Resistor,649 ohms / 0.1% / 10ppm,649R / 0.1% / 10ppm,649R / 0.1% / 10ppm,Resistor_SMD:R_0603_1608Metric,Fit in current draft,False,False,False,13  USB OVERVOLTAGE PROTECTION,,,,Maximum_body_height_mm: .6,Vishay,TNPW0603649RBYEA,hardware/pcb/analyzer/USB_Overvoltage.kicad_sch,2003,https://www.vishay.com/docs/28758/tnpw_e3.pdf
Main,R123,Back,Back,Resistor,10 kilohms / 0.1% / 10ppm,10k / 0.1% / 10ppm,10k / 0.1% / 10ppm,Resistor_SMD:R_0603_1608Metric,Fit in current draft,False,False,False,13  USB OVERVOLTAGE PROTECTION,,,,Maximum_body_height_mm: .6,Vishay,TNPW060310K0BYEA,hardware/pcb/analyzer/USB_Overvoltage.kicad_sch,2163,https://www.vishay.com/docs/28758/tnpw_e3.pdf
Main,R124,Assembly map only,Back,Resistor,21.5 kilohms / 0.1% / 25ppm,21.5k / 0.1% / 25ppm,21.5k / 0.1% / 25ppm,Resistor_SMD:R_0603_1608Metric,Fit in current draft,False,False,False,13  USB OVERVOLTAGE PROTECTION,,,,Maximum_body_height_mm: .6,Vishay,TNPW060321K5BEEA,hardware/pcb/analyzer/USB_Overvoltage.kicad_sch,2323,https://www.vishay.com/docs/28758/tnpw_e3.pdf
Main,R125,Back,Back,Resistor,10 kilohms / 0.1% / 25ppm,10k / 0.1% / 25ppm,10k / 0.1% / 25ppm,Resistor_SMD:R_0603_1608Metric,Fit in current draft,False,False,False,13  USB OVERVOLTAGE PROTECTION,,,,Maximum_body_height_mm: .6,Vishay,TNPW060310K0BEEA,hardware/pcb/analyzer/USB_Overvoltage.kicad_sch,2483,https://www.vishay.com/docs/28758/tnpw_e3.pdf
Main,R126,Back,Back,Resistor,1.65 kilohms / 0.1%,1.65k / 0.1%,1.65k / 0.1%,Resistor_SMD:R_0603_1608Metric,Fit in current draft,False,False,False,13  USB OVERVOLTAGE PROTECTION,,,,Maximum_body_height_mm: .6,Vishay,TNPW06031K65BEEA,hardware/pcb/analyzer/USB_Overvoltage.kicad_sch,1660,https://www.vishay.com/docs/28758/tnpw_e3.pdf
Main,R127,Back,Back,Resistor,10 kilohms / 1%,10k / 1%,10k / 1%,Resistor_SMD:R_0603_1608Metric,Fit in current draft,False,False,False,13  USB OVERVOLTAGE PROTECTION,,,,Maximum_body_height_mm: .6,YAGEO,RC0603FR-0710KL,hardware/pcb/analyzer/USB_Overvoltage.kicad_sch,2643,https://yageogroup.com/content/datasheet/asset/file/PYU-RC_GROUP_51_ROHS_L
Main,R128,Back,Back,Resistor,100 kilohms / 1%,100k / 1%,100k / 1%,Resistor_SMD:R_0603_1608Metric,Fit in current draft,False,False,False,13  USB OVERVOLTAGE PROTECTION,,,,,,RC0603FR-07100KL,hardware/pcb/analyzer/USB_Overvoltage.kicad_sch,3049,
Main,U115,Assembly map only,Back,Integrated circuit,TPS259470ARPWR,TPS259470ARPWR,TPS259470ARPWR,Trimix_Power:TI_RPW0010A,Fit in current draft,False,False,False,13  USB OVERVOLTAGE PROTECTION,,,,Maximum_body_height_mm: 1.0; Assembly: Factory reflow required; asymmetric HotRod RPW10 land/paste pattern,Texas Instruments,TPS259470ARPWR,hardware/pcb/analyzer/USB_Overvoltage.kicad_sch,944,https://www.ti.com/lit/ds/symlink/tps25947.pdf
Main,H1,Back,Front,Mounting hole,2.30 mm non-plated hole for M2 mounting,,M2 NPTH 2.30,Mechanical_M2_NPTH_2.30mm,Mounting hole; no fitted component,False,False,True,Mechanical mounting,,,,,,,hardware/pcb/analyzer/Trimix_Analyzer.kicad_pcb,29073,
Main,H2,Back,Front,Mounting hole,2.30 mm non-plated hole for M2 mounting,,M2 NPTH 2.30,Mechanical_M2_NPTH_2.30mm,Mounting hole; no fitted component,False,False,True,Mechanical mounting,,,,,,,hardware/pcb/analyzer/Trimix_Analyzer.kicad_pcb,6742,
USB,D901,Front,Front,Diode,TPD1E10B06DYAR,TPD1E10B06DYAR,TPD1E10B06DYAR,Trimix_USB:TI_DYA0002A,Fit in current draft,False,False,False,09  USB-A + USB-C INPUT,,,,Height max mm: 0.77; Assembly: USB daughterboard,Texas Instruments,TPD1E10B06DYAR,hardware/pcb/usb-input/Trimix_USB_Input.kicad_sch,2455,https://www.ti.com/lit/ds/symlink/tpd1e10b06.pdf
USB,J901,Assembly map only,Front,Connector,USB4720-03-A,USB4720-03-A,USB4720-03-A,Trimix_USB:USB4720_RevB,Fit in current draft,False,False,False,09  USB-A + USB-C INPUT,,,,Assembly: USB daughterboard; Board thickness: 0.60 +/-0.10 mm; Interface: GCT Rev B recommended lands; min0.10mm edge margin fails0.20mm general fabrication rule; no waiver,GCT,USB4720-03-A,hardware/pcb/usb-input/Trimix_USB_Input.kicad_sch,1380,https://gct.co/files/drawings/usb4720.pdf
USB,J902,Assembly map only,Front,Connector,TO MAIN J101 | SAME PIN NUMBERS,TO MAIN J101 | SAME PIN NUMBERS,TO MAIN J101 | SAME PIN NUMBERS,Trimix_USB:USB_Harness_6P_P1.8mm,Fit in current draft,False,False,False,09  USB-A + USB-C INPUT,,,,"Assembly: Soldered harness supplied separately; Wire recommendation: Power24AWG; signals28AWG. Actual insulated bundle, solder height and strain relief pending.",,,hardware/pcb/usb-input/Trimix_USB_Input.kicad_sch,2624,
USB,U901,Front,Front,Integrated circuit,TPD4E05U06DQAR,TPD4E05U06DQAR,TPD4E05U06DQAR,Trimix_USB:TI_DQA0010B,Fit in current draft,False,False,False,09  USB-A + USB-C INPUT,,,,Height max mm: 0.55; Assembly: USB daughterboard; confirm DQA land/stencil variant with assembler,Texas Instruments,TPD4E05U06DQAR,hardware/pcb/usb-input/Trimix_USB_Input.kicad_sch,2014,https://www.ti.com/lit/ds/symlink/tpd4e05u06.pdf
