channel,assumed_source_ohm,scenario,corners,gain_min,gain_max,residual_100ms_max,residual_10s_max,residual_20s_max,slowest_network_pole_tau_max_s,resistor_rms_0_to_infinity_max_uV
O2,0,initial_tolerance,16384,0.999898899111311,0.999901098891309,6.833500432179562e-11,0.0,0.0,2.2331100000001385,0.06746130880130614
O2,0,initial_plus_temperature,16384,0.9998985799073307,0.9999014047837048,2.5546875725979135e-10,0.0,0.0,2.5744331250001933,0.06290799482740257
O2,0,initial_plus_temperature_low_C,16384,0.9998985799073304,0.9999014047837051,1.2793544001965529e-11,0.0,0.0,1.9028418750001208,0.0731720630165654
O2,0,hypothetical_50pct_effective_C,16384,0.9998988991113107,0.9999010988913087,4.218847493575595e-15,0.0,0.0,1.1165550000000652,0.09540469784224659
O2,100,initial_tolerance,16384,0.9998484068223579,0.9998516061824104,1.0475953438060515e-10,0.0,0.0,2.233110000000138,0.06746130880130614
O2,100,initial_plus_temperature,16384,0.9998479598285884,0.9998520342427856,3.9156700104570064e-10,0.0,0.0,2.574433125000199,0.06290799482740257
O2,100,initial_plus_temperature_low_C,16384,0.9998479598285883,0.9998520342427857,1.9608203949417202e-11,0.0,0.0,1.9028418750001224,0.0731720630165654
O2,100,hypothetical_50pct_effective_C,16384,0.9998484068223583,0.9998516061824102,6.439293542825908e-15,0.0,0.0,1.1165550000000652,0.09540469784224659
O2,1000,initial_tolerance,16384,0.9993942055931538,0.9994063921834957,5.171237882350965e-10,0.0,0.0,2.2331100000001354,0.06746130880130614
O2,1000,initial_plus_temperature,16384,0.9993926096535772,0.9994079186692215,1.9326764633120774e-09,0.0,0.0,2.574433125000142,0.06290799482740257
O2,1000,initial_plus_temperature_low_C,16384,0.9993926096535775,0.9994079186692215,9.673306600177511e-11,0.0,0.0,1.9028418750000926,0.0731720630165654
O2,1000,hypothetical_50pct_effective_C,16384,0.9993942055931538,0.9994063921834967,3.11972669919669e-14,0.0,0.0,1.1165550000000646,0.09540469784224659
O2,10000,initial_tolerance,16384,0.9948747869686656,0.9949759624643858,0.00013463796644574977,0.0,0.0,2.233110000000138,0.06746130880130614
O2,10000,initial_plus_temperature,16384,0.9948618157716634,0.9949883664363319,0.00043066693589066674,0.0,0.0,2.574433125000207,0.06290799482740257
O2,10000,initial_plus_temperature_low_C,16384,0.9948618157716634,0.9949883664363323,2.7937753575790758e-05,0.0,0.0,1.9028418750001204,0.0731720630165654
O2,10000,hypothetical_50pct_effective_C,16384,0.9948747869686657,0.9949759624643858,1.8127382039878626e-08,0.0,0.0,1.116555000000069,0.09540469784224659
O2,100000,initial_tolerance,16384,0.9518314631447439,0.952740397390854,0.38769305833253953,0.0,0.0,2.2331100000001265,0.06746130880130614
O2,100000,initial_plus_temperature,16384,0.9517153482519758,0.9528516420462987,0.4387384347782627,0.0,0.0,2.574433125000138,0.06290799482740257
O2,100000,initial_plus_temperature_low_C,16384,0.9517153482519746,0.9528516420462987,0.3280388901299566,0.0,0.0,1.9028418750000917,0.0731720630165654
O2,100000,hypothetical_50pct_effective_C,16384,0.9518314631447437,0.9527403973908543,0.1503059074792381,0.0,0.0,1.1165550000000644,0.09540469784224659
O2,1000000,initial_tolerance,16384,0.6643848960213724,0.6688299231064584,0.8735243280986477,1.3412214209251871e-06,1.7988943668001411e-12,2.233110000000138,0.06746130880130614
O2,1000000,initial_plus_temperature,16384,0.6638208470886354,0.6693773031693045,0.8891531006499592,7.900502766666762e-06,6.241795968975339e-11,2.574433125000145,0.06290799482740257
O2,1000000,initial_plus_temperature_low_C,16384,0.6638208470886139,0.6693773031692984,0.8530377876696342,1.2497610546446936e-07,1.554312234475219e-14,1.9028418750000888,0.0731720630165654
O2,1000000,hypothetical_50pct_effective_C,16384,0.6643848960213723,0.6688299231064674,0.7630447517801937,1.7988943668001411e-12,0.0,1.1165550000000641,0.09540469784224659
He,0,initial_tolerance,64,0.9999999999999994,1.0000000000000004,0.0,0.0,0.0,0.00261393137173047,0.06746130880130614
He,0,initial_plus_temperature,64,0.9999999999999992,1.0000000000000007,3.552713678800501e-15,0.0,0.0,0.0030078979637771833,0.06290799482740257
He,0,initial_plus_temperature_low_C,64,0.9999999999999993,1.0000000000000007,0.0,0.0,0.0,0.0022232289297483537,0.0731720630165654
He,0,hypothetical_50pct_effective_C,64,0.9999999999999989,1.0000000000000007,0.0,0.0,0.0,0.0013069656858652346,0.09540469784224659
He,100,initial_tolerance,64,0.9999999999999993,1.0000000000000009,2.220446049250313e-16,0.0,0.0,0.0027239600845900976,0.06746130880130614
He,100,initial_plus_temperature,64,0.9999999999999993,1.0000000000000007,1.3988810110276972e-14,0.0,0.0,0.003134430952379181,0.06290799482740257
He,100,initial_plus_temperature_low_C,64,0.9999999999999991,1.0000000000000007,0.0,0.0,0.0,0.002316753312628091,0.0731720630165654
He,100,hypothetical_50pct_effective_C,64,0.9999999999999992,1.0000000000000007,0.0,0.0,0.0,0.0013619800422950492,0.09540469784224659
He,1000,initial_tolerance,64,0.9999999999999989,1.000000000000001,2.0715651416480796e-12,0.0,0.0,0.0037170889816439353,0.06746130880130614
He,1000,initial_plus_temperature,64,0.9999999999999991,1.0000000000000004,6.993450263337309e-11,0.0,0.0,0.004276527536364979,0.06290799482740257
He,1000,initial_plus_temperature_low_C,64,0.9999999999999989,1.0000000000000009,1.8318679906315083e-14,0.0,0.0,0.0031609116573132453,0.0731720630165654
He,1000,hypothetical_50pct_effective_C,64,0.9999999999999992,1.0000000000000009,0.0,0.0,0.0,0.0018585444908219677,0.09540469784224659
He,10000,initial_tolerance,64,0.999999999999997,1.0000000000000022,0.000677668462577774,0.0,0.0,0.013702702021362778,0.06746130880130614
He,10000,initial_plus_temperature,64,0.999999999999998,1.000000000000002,0.001756889554840213,0.0,0.0,0.0157599718480225,0.06290799482740257
He,10000,initial_plus_temperature_low_C,64,0.9999999999999979,1.000000000000002,0.00018713340454068472,0.0,0.0,0.011648674844190526,0.0731720630165654
He,10000,hypothetical_50pct_effective_C,64,0.9999999999999977,1.0000000000000013,4.587854705029315e-07,0.0,0.0,0.006851351010681389,0.09540469784224659
He,100000,initial_tolerance,64,0.9999999999999764,1.0000000000000184,0.4150146160419189,0.0,0.0,0.11368836142006752,0.06746130880130614
He,100000,initial_plus_temperature,64,0.999999999999978,1.0000000000000158,0.4654733623384769,0.0,0.0,0.13074347457599436,0.06290799482740257
He,100000,initial_plus_temperature_low_C,64,0.9999999999999739,1.0000000000000233,0.35535077516604774,0.0,0.0,0.09663648120834427,0.0731720630165654
He,100000,hypothetical_50pct_effective_C,64,0.9999999999999728,1.000000000000016,0.17221026009253948,0.0,0.0,0.056844180710032687,0.09540469784224659
He,1000000,initial_tolerance,64,0.9999999999998114,1.000000000000181,0.9141291327413276,0.00012590702594794667,1.5852319235065693e-08,1.1135878287034098,0.06746130880130614
He,1000000,initial_plus_temperature,64,0.9999999999997389,1.0000000000001883,0.924899413724277,0.00040620470949626064,1.6499955945992184e-07,1.2806278611961852,0.06290799482740257
He,1000000,initial_plus_temperature_low_C,64,0.999999999999808,1.0000000000002016,0.8997572266532649,2.581243018695556e-05,6.662705942517277e-10,0.9465510278407143,0.0731720630165654
He,1000000,hypothetical_50pct_effective_C,64,0.9999999999997706,1.0000000000002032,0.8356183686739194,1.5852319235065693e-08,2.220446049250313e-16,0.5567939143517081,0.09540469784224659
